Energy,est. mean,est. std,est var,est median,est MAP,cred mu min,cred mu max,cred std min,cred std max,cred var min,cred var max,cred median min,cred median max,HPD min,HPD max
140.28056112224448,1.7227331750985915,1.71406427209166,2.938016328861112,1.1886064383243777,0.00035388133805698866,1.705687527821494,1.739778822375689,1.7020111793123103,1.7261173648710095,2.896696777458534,2.97933588026369,-0.3970624739642814,2.86543879354117,3.425300141027573e-05,1.9890624713019975
160.32064128256513,2.0675685473231686,2.0513598907134467,4.208077401227884,1.4253405276261066,0.0013626092584558826,2.047168637176966,2.0879684574693713,2.0369349759134705,2.065784805513423,4.148896017932624,4.267258784523144,-0.02402921449287776,2.951679358069959,0.0003226699190120269,2.376045567300071
180.3607214428858,2.7070149644452073,2.7303457508225595,7.454787919034807,1.8730374863097294,0.00206692113496037,2.6798628258872697,2.734167103003145,2.711146289524525,2.749545212120594,7.349945583888466,7.5596302541811475,0.590736919807922,3.2686120551314897,0.000492626415686984,3.0654924260976797
200.40080160320642,3.3564621326282453,3.3290920147579333,11.082853642725034,2.371990217068693,0.002967045192854887,3.3233557146481787,3.389568550608312,3.305682242103432,3.3525017874124345,10.926987068302235,11.238720217147833,1.1158674735331695,3.6188657807182247,0.00024943963016768725,3.8021901306148034
220.44088176352705,4.350611648621253,4.3492580666038485,18.916045729918647,3.026535642536322,0.0022338420156267536,4.307360108916775,4.3938631883257315,4.318674609582053,4.379841523625644,18.650015035605293,19.182076424232,1.9419212266627384,4.315807990561606,0.00014754149312093417,5.0005097076180185
240.4809619238477,5.61475144646953,5.603792393961265,31.402489194618123,3.9086637967317746,0.0006662665707527137,5.559024091249073,5.6704788016899865,5.564387203187288,5.643197584735241,30.960852177934523,31.844126211301724,2.8294260541950638,5.105590504983124,0.00043572997030240905,6.355917107239755
260.52104208416836,6.552883003781762,6.593771966439909,43.47782874540882,4.482111073748349,0.0007737922727963923,6.487310718660626,6.618455288902899,6.547405358972855,6.640138573906962,42.86636707241846,44.08929041839918,3.4439577756716986,5.6793385191984616,0.007598925730598654,7.374362392095263
280.56112224448896,6.735356392555334,6.709593918403157,45.018650549872625,4.698018763700752,0.0014100506020436462,6.668632306902412,6.802080478208257,6.662412864969504,6.75677497183681,44.38551913150803,45.651781968237216,3.643471546156338,5.866333530498717,0.0007591414817823648,7.657203157413551
300.6012024048096,6.987489934971869,7.029590181736749,49.415138123169704,4.825987194563249,0.003155884699953811,6.917583621252249,7.0573962486914885,6.980158953257852,7.079021410215646,48.72017556639682,50.11010067994259,3.8971249165665824,6.113147315873859,0.0009147706627454438,7.897814689692864
320.64128256513027,7.104326864274825,7.3426200681901275,53.914069465788394,4.778655479701051,0.00574212447639304,7.031307600172568,7.177346128377083,7.290987651386169,7.394252484994086,53.15583502620059,54.6723039053762,3.9334694025438917,6.151974650833895,0.0003843180169839658,8.007705736952909
340.6813627254509,7.546783897452266,7.457797552168752,55.61874432913422,5.397773056457629,0.007538518276372195,7.4726192417809,7.620948553123632,7.405355221219163,7.510239883118341,54.836535754362494,56.40095290390595,4.314336837295133,6.504105269200943,0.00293530930224983,8.651836337381354
360.7214428857716,8.159321495900196,7.995081649610984,63.92133058394629,5.685073781139133,0.008759237601376346,8.079813776166583,8.238829215633809,7.938861201830667,8.051302097391302,63.02235644318364,64.82030472470895,4.7070493039938235,6.885784806200657,0.004066900360392895,9.400331640920323
380.7615230460922,8.775535530144428,8.721881070031708,76.07120939977746,6.121080196644694,0.009268786595736614,8.688800096279317,8.862270964009538,8.660549856576532,8.783212283486884,75.00136230050391,77.141056499051,5.216007124877773,7.38013054184713,0.000390497629237352,10.059712390355228
400.80160320641284,9.03540877022406,8.948582959982085,80.07713699168173,6.3539389883604205,0.009030414791412441,8.946418881542954,9.124398658905168,8.885657606238638,9.011508313725532,78.95095149516283,81.20332248820063,5.381101485611595,7.538303872312021,0.002090223422147682,10.279210076020501
420.8416833667335,9.494616757503728,9.516567372985019,90.565054564563,6.642350096018001,0.008740763874823695,9.399978503052111,9.589255011955345,9.449648021502624,9.583486724467415,89.29136953068563,91.83873959844038,5.701791585764601,7.851142727942355,0.004470131978901396,10.741273169494209
440.8817635270541,10.055307885588764,10.147290981459438,102.96751426240806,7.046678880284141,0.00839762540321539,9.954397350491409,10.15621842068612,10.075936457798935,10.218645505119941,101.51940403355493,104.41562449126118,6.08574206443609,8.225241588375326,0.0005122626360923741,11.335455050992024
460.92184368737475,10.736942198808416,10.756415213084619,115.70046823627823,7.484927000367419,0.008312851060685864,10.629974179771123,10.843910217845709,10.680777401453257,10.83205302471598,114.07328482084621,117.32765165171024,6.581706276695096,8.711806361408948,0.012622546953730017,12.149851020917717
480.9619238476954,11.85300515374286,11.891412897400697,141.40570069646765,8.10708548315029,0.008876702766257072,11.734750060759637,11.971260246726082,11.807793919242414,11.97503187555898,139.4170051057899,143.39439628714538,7.304909717972677,9.42351413248668,0.002615776245512775,13.506219668566066
501.00200400801606,15.985501944556937,16.233692889768594,263.5327848393234,11.06274831617249,0.015818463720444438,15.824064705878572,16.1469391832353,16.11953952356309,16.347846255974098,259.8265234606966,267.23904621795026,10.439123686076206,12.521538301502547,0.0023516118705329174,18.178410513465657
521.0420841683367,15.594260599007306,15.655481711941182,245.09410763292476,10.642894744661266,0.015003459280171053,15.438573426968446,15.749947771046166,15.545394256848747,15.765569167033616,241.64716335309726,248.54105191275227,10.129432742515823,12.215707870543666,0.00014364692681084775,17.905370468155084
541.0821643286573,13.229515761794252,13.32324567810089,177.50887539903403,9.169299365789144,0.009072499842662797,13.097021694848975,13.362009828739529,13.2295582248969,13.416933131304878,175.01243348704935,180.0053173110187,8.329298754885139,10.432069933356539,0.005820061819830901,14.946512644035323
561.1222444889779,13.68597530301559,13.645525099683208,186.20035524608446,9.520514501835429,0.009252416512863692,13.550276302956425,13.821674303074756,13.54957141654114,13.741478782825277,183.58167846264013,188.81903202952878,8.784664659575117,10.883017118121202,0.0016685199972477688,15.70975300833938
581.1623246492986,13.40663812709513,13.32880784535012,177.6571185782669,9.395681161860733,0.008981741053455113,13.274088746739166,13.539187507451095,13.235081279658342,13.422534411041898,175.15859181004635,180.15564534648746,8.56748221766792,10.667365447591443,0.0036406093312175013,15.242198921376238
601.2024048096192,14.281092947381634,14.27102523324578,203.66216120793774,10.028214923188369,0.009545946199536602,14.139173611934767,14.4230122828285,14.170673108769813,14.371377357721746,200.79790580672505,206.52641660915043,9.271156714644395,11.363695064017833,9.597602931203574e-05,16.252989799774447
621.2424849699399,15.024463357407878,14.986476866337215,224.5944888652605,10.413925344143758,0.009746096848024178,14.875429156795182,15.173497558020575,14.88109377245526,15.09185996021917,221.4358462681306,227.7531314623904,9.597671542626236,11.686189303893693,0.00042547719007754296,17.033037591085893
641.2825651302605,15.425533101079186,15.480607691125023,239.64921448651924,10.63374417078926,0.009857214271786829,15.271584977526018,15.579481224632353,15.371749929009633,15.589465453240413,236.2788458676349,243.01958310540357,10.113110722253,12.199473538184645,0.0014425871696833316,17.728166132626882
661.3226452905811,16.185712846930887,15.944021777553912,254.21183044311343,11.2033993429711,0.010397105290570547,16.027156265463322,16.34426942839845,15.83190534359644,16.056138211511385,250.63665671383418,257.7870041723927,10.555622308968715,12.63681115182395,0.0038151453400375977,18.598223223119792
681.3627254509018,15.886478871972749,15.903601301220172,252.92453434817196,10.901877960200768,0.009974760108938156,15.728324255118515,16.04463348882698,15.791769099166585,16.015433503273762,249.36746483997644,256.4816038563675,10.08794941570269,12.171806516705255,0.006934820885118261,18.0317741780241
701.4028056112224,16.264040083160914,16.510092059697783,272.5831398196958,11.213774917706758,0.010145418111609308,16.099854171148063,16.428225995173765,16.393995087938197,16.62618903145737,268.74959643649004,276.4166832029016,10.53518338151843,12.616283071804618,0.0002987794399209261,18.354936560567722
721.4428857715432,17.821835825307822,18.20399878148883,331.38557163644685,12.097534511284536,0.011176784284726944,17.6408047243659,18.002866926249744,18.07599046240713,18.332007100570532,326.72504506727944,336.04609820561427,11.699009379350123,13.773099057254992,0.0006799896647528751,20.137334208777286
741.4829659318638,19.683993420878252,20.263302253831085,410.601418230116,13.421003074415736,0.012521602396993703,19.48248341421641,19.885503427540094,20.12081316164355,20.40579134601862,404.8268191443759,416.3760173158561,12.912645307763587,14.978025953736225,0.00019986170354410347,22.27172671488206
761.5230460921844,20.566663668406353,21.019755612848016,441.8301260238557,14.110346001201759,0.013684401583909546,20.35763105168296,20.775696285129744,20.871947232073737,21.167563993622295,435.6163339410435,448.04391810666795,13.71766941201707,15.779183211356013,0.0002380492561644686,23.17632344827967
781.5631262525051,18.2139550607124,17.99922153809154,323.9719759772983,12.703347695677031,0.01151904736482687,18.03496038321046,18.39294973821434,17.87265318783362,18.12578988834946,319.41571242529216,328.52823952930447,12.026023088130003,14.095892399190728,0.0018730639501199152,20.89980654219632
801.6032064128257,18.16077775274123,18.476881520984108,341.395150740484,12.542402428962536,0.011582771477034282,17.977032947884478,18.34452255759798,18.3469543234621,18.606808718506116,336.5938518705487,346.1964496104193,11.931755227919563,14.002704446168842,4.279867168457852e-05,20.468683751781015
821.6432865731463,19.635965008288355,19.494511531525532,380.03597985278196,13.695301206320243,0.012318537084785367,19.442100301569866,19.829829715006845,19.357428482772146,19.631594580278918,374.69124570338283,385.3807140021811,13.081282694766221,15.145076384981342,0.0020222003242907085,22.583591519761846
841.683366733467,18.868979105571213,18.94109837118827,358.76520750703105,13.057440034725403,0.011505034266874,18.68061785965242,19.05734035149001,18.807906856886344,19.0742898854902,353.71962035783037,363.81079465623174,12.514257022589057,14.5818476552312,0.005392790788717688,21.4635487965558
861.7234468937876,19.228620071154708,19.786546915882774,391.50743885443006,13.165904074967909,0.011904506028242697,19.031851195534717,19.4253889467747,19.647410309605423,19.925683522160124,386.0013728787831,397.013504830077,12.496786147255127,14.56370421348485,0.00519487669637198,21.44082557028324
881.7635270541082,20.83265256136977,20.328113932845696,413.23221606675526,14.789225879978252,0.013182625073003116,20.630498029856724,21.034807092882815,20.185169092765232,20.47105877292616,407.4206180762191,419.0438140572914,14.037691998600238,16.095761547285758,0.00016091598599374826,23.91746676224068
901.8036072144289,20.462621126351,20.753560079889194,430.71025598957044,13.957343767244886,0.012747735099690247,20.256235712089868,20.66900654061213,20.607623553927155,20.899496605851233,424.6528510707634,436.7676609083775,13.365417873552945,15.427755802388324,0.0007144214035346368,23.344960506194404
921.8436873747495,20.96110856126075,20.8655642749238,435.37177251097626,14.889049101916502,0.013131328471578283,20.753609312452575,21.168607810068927,20.71884014900042,21.012288400847176,429.2488091507038,441.49473587124874,14.003622340193962,16.061212797077314,0.0002513999825161825,23.677150169135945
941.8837675350702,21.521472226269985,21.29147259498987,453.3268052632047,15.05868664742887,0.013411951628537006,21.309737498597663,21.733206953942307,21.141753533240085,21.441191656739655,446.95132666281836,459.702283863591,14.405269454388359,16.462060792969208,0.0070776479425914566,24.53714419184904
961.9238476953908,22.48141835597952,21.992719226765587,483.67969898734464,15.749467365197194,0.014195495885413247,22.262710025896762,22.70012668606228,21.838069083462084,22.14736937006909,476.8773446272386,490.4820533474507,14.754240599308199,16.807961129938295,0.01561682434860857,25.592767441900637
981.9639278557114,23.834421564531706,23.36733610352358,546.0323965750366,16.698952417996043,0.015207170975580095,23.602043248554097,24.066799880509315,23.203019820495104,23.531652386552057,538.3531289494204,553.7116642006529,16.059121642739985,18.109048020770455,0.008953783495371423,27.47166527867395
1002.0040080160321,23.683637950279063,23.59015676222872,556.4954960665254,16.6485307125514,0.01496340946786269,23.449043776695543,23.918232123862587,23.424273631260956,23.756039893196483,548.6690779390477,564.3219141940032,15.77675800571317,17.826874669434197,0.0011186320564120127,26.71574683771091
1022.0440881763527,25.225366730168297,25.539804704714655,652.2816243549648,17.002930030521185,0.016110965207701496,24.971384128925887,25.479349331410706,25.360211885072747,25.719397524356562,643.1080932749181,661.4551554350115,16.872544594954867,18.921348395022093,0.0017788221993893438,29.035136221485203
1042.0841683366734,24.35990351713747,24.577914194941147,604.0738661738895,16.565264521710702,0.015144930700518654,24.115486511897352,24.60432052237759,24.40508527309855,24.750743116783745,595.5783173509865,612.5694149967926,16.270028575834232,18.320462087401708,0.00609429007619546,27.893740852515627
1062.124248496994,23.825281932832244,24.029033722106806,577.3944616181461,16.30479066149252,0.014845701378543947,23.58632331272362,24.064240552940866,23.86006446140502,24.198002982808593,569.2741254913408,585.5147977449515,15.996120962567339,18.0475671622891,0.0018531957778606797,27.334625930698145
1082.1643286573146,26.476421552555177,26.280080669333035,690.6426399866518,18.42208832324894,0.016998954935809822,26.21507721862511,26.737765886485242,26.095282318586406,26.464879020079664,680.9296088562895,700.3556711170141,17.95319315472492,19.997259267203585,0.0006731621642059943,30.25604619731015
1102.2044088176353,25.788754353226793,25.518466598166825,651.192137521756,18.03871512037088,0.01618498874618319,25.534983950467076,26.04252475598651,25.33902382551099,25.69790937082266,642.0339287211551,660.3503463223568,17.31780860101557,19.363079076489697,0.014326361976284016,29.564704826383394
1122.2444889779558,25.021324144392764,24.67783466981958,608.9955239909491,17.356401553947705,0.015911355389370274,24.775913472113274,25.266734816672255,24.5043031192752,24.851366220363957,600.4307581622859,617.5602898196123,16.754181125656704,18.801730407126655,0.0006126028128848878,28.601035720822967
1142.2845691382765,26.010451253246494,25.937731502784843,672.7659155105572,17.758934707779723,0.01638046942521622,25.75251143759127,26.268391068901717,25.755340509997026,26.12012249557266,663.3042983116437,682.2275327094707,17.37749806576102,19.423681194511577,0.0020458926364128956,29.71540172653911
1162.3246492985973,25.524976484298318,25.597309698728427,655.2222638126165,18.11024519005648,0.0162039874296098,25.2704220201097,25.779530948486936,25.417312510919345,25.77730688653751,646.007376290118,664.4371513351149,17.37743504090891,19.422476831460468,0.010036277566604126,28.690506222878042
1182.364729458918,26.051089379362196,26.01936320912919,677.0072618085857,18.07387126083524,0.016496784049846353,25.792337770768032,26.30984098795636,25.83639819204933,26.202328226209048,667.4859953406549,686.5285282765165,17.54283644122682,19.58799428857856,0.0037929472794923057,29.550248150540426
1202.4048096192384,26.168913486432295,26.024431031515206,677.2710105140916,18.347748107841205,0.01666853078260102,25.910111480478907,26.427715492385683,25.841430378120883,26.20743168490953,667.7460347481261,686.7959862800571,17.898994224434702,19.94328983747019,0.006403019717437293,30.03258482454991
1222.4448897795592,24.264832404640572,24.55827605525097,603.1089228059132,16.58709010950878,0.015096606755499696,24.020610692428715,24.50905411685243,24.385585226432976,24.730966884068966,594.6269447132685,611.5909008985578,16.338721890919405,18.389072034185386,0.00016563422221163655,27.560129454554723
1242.4849699398799,24.211213214749442,23.88875904865123,570.672808884516,16.69545136560778,0.014940550985059703,23.973649567189145,24.44877686230974,23.720776182497936,24.056741914804526,562.6470044568402,578.6986133121918,16.231718386608872,18.281657938986807,0.010065127414408409,27.543019476436292
1262.5250501002004,49.86225603072002,49.790147423938016,2479.0587804974816,35.23636181677806,0.05210635062670339,49.36711398460091,50.357398076839125,49.44002912547661,50.14026572239942,2444.193897105058,2513.923663889905,34.646234334998326,36.663615051564705,0.004993702288370678,56.89925318936238
1282.565130260521,64.83693523908094,64.80931039026196,4200.246713261316,45.207864240031824,0.07940411109255899,64.19243394285111,65.48143653531078,64.35357915321431,65.2650416273096,4141.175458868599,4259.317967654032,45.52556350641805,47.53659683971816,0.005732069024039937,73.02634865037979
1302.6052104208418,33.18817063430648,32.24458386839592,1039.7131888460183,22.745852098809642,0.02303289982198273,32.867511828119035,33.508829440493926,32.0178438520936,32.47132388469824,1025.0909139020548,1054.3354637899818,22.35378557022348,24.387139917400013,0.037871238256171495,38.56776821171155
1322.6452905811623,28.818836849434884,28.712139907794985,824.3869780847933,19.54538556359848,0.018926243902872227,28.533306710683604,29.104366988186165,28.510239610450817,28.914040205139152,812.7929989152511,835.9809572543355,19.1562406719211,21.197056787389986,0.00900055853087179,32.58885813181877
1342.685370741483,27.310020896596885,27.44677726744897,753.3255823689534,18.98611299081425,0.0178180711095761,27.037074256373717,27.582967536820053,27.253774847245083,27.639779687652855,742.730993490124,763.9201712477828,18.519554870417963,20.56193979968203,0.0015748577961282424,31.130869669109753
1362.7254509018037,27.591807682157924,27.40179984881339,750.8586349544296,19.376382053194167,0.01804552192704083,27.319308323420042,27.864307040895806,27.209113704380847,27.594485993245932,740.2987406276694,761.4185292811898,18.593297045480178,20.63457744225764,0.0029664618060340707,31.333659312583922
1382.7655310621242,28.011386050938476,27.75823055122706,770.5193633350755,19.814079144753947,0.018242822909125714,27.73534213898226,28.28742996289469,27.56303802917756,27.953423073276564,759.6829652772243,781.3557613929266,19.095199093173647,21.135293770608165,0.002700635449084805,31.969144945723784
1402.805611222445,29.072509728158305,28.931660226525874,837.0409634631392,20.274454395379912,0.019344455564292234,28.784796552292157,29.360222904024454,28.728216288834204,29.135104164217545,825.2690217022554,848.812905224023,19.597882216760954,21.636786317363285,0.0009730453133717891,33.175367204579
1422.8456913827656,30.47481494535383,30.53291379639622,932.2588248981625,20.911303978975837,0.02067472997606858,30.17117797713193,30.778451913575733,30.31821003714759,30.747617555644847,919.1477621523612,945.3698876439638,20.553544158273173,22.59088974316054,0.013959189152964624,34.69184616243036
1442.8857715430863,32.61719092192319,32.94344126367418,1085.2703222931507,22.97693411987752,0.02254976801791504,32.289582273276004,32.944799570570375,32.711786966640396,33.175095560707966,1070.0073428375304,1100.533301748771,22.940578502947982,24.973476268939688,0.008181912458814892,37.37887630723933
1462.9258517034068,37.852736598384006,37.35341106428715,1395.2773181376099,26.081295271300863,0.027389186364544224,37.48127265740746,38.22420053936055,37.09074639265636,37.616075735917946,1375.6544752346276,1414.9001610405921,25.97054196292074,27.998105179141326,0.031172622806177917,43.24202570333473
1482.9659318637275,45.87749125489495,45.5095941705879,2071.1231615716083,31.782553990543235,0.034346714185729196,45.42491750804877,46.330065001741126,45.18957620520597,45.82961213596984,2041.99538610795,2100.250937035267,32.06906884671947,34.08959121701546,0.02359597489537611,52.96881351904745
1503.0060120240482,80.42128287962707,80.79746368134472,6528.230137338221,56.2956662600491,0.07491969594719103,79.6177861326144,81.22477962663974,80.22930568287073,81.36562167981872,6436.418686844285,6620.041587832156,57.12974536586998,59.13638410705363,0.011994490433191046,91.6134068663
1523.0460921843687,227.05425461812928,222.8100276498461,49644.308421325186,157.2438703898814,0.37303316801147557,224.83850273358354,229.27000650267502,221.24325446685694,224.37680083283524,48946.12286887949,50342.493973770885,161.88397009127547,163.87919510838069,0.05554849893671842,261.8539775954
1543.0861723446894,1434.6801355039763,855.5544872220954,731973.4806058626,1358.4384281625807,3352.910167973608,1426.1720064606413,1443.1882645473113,849.5383314803431,861.5706429638477,721679.1825244962,742267.7786872289,902.6984986334486,904.6881426798217,216.7414274186091,1955.0756459657123
1563.1262525050101,947.6002349640452,647.1146087185249,418757.31681692955,839.9172041465146,2351.607030773933,941.1649527242419,954.0355172038485,642.5641770079106,651.6650404291391,412868.0151451005,424646.6184887586,658.8737135809009,660.8638074954089,33.218541419940365,1219.0144571945418
1583.1663326653306,111.06413294853216,110.62528757963223,12237.954252076332,78.24088949546254,0.08729772853545315,109.96401105537305,112.16425484169127,109.84738392884763,111.40319123041682,12065.842621921749,12410.065882230914,79.12240572368565,81.12404195647896,0.032875315040895095,125.90944171012214
1603.2064128256513,64.86361818711747,65.60724215343463,4304.3102229794085,45.48185039298615,0.051939532991090664,64.21118179556612,65.51605457866881,65.14589995667579,66.06858435019346,4243.7754445427,4364.845001416117,46.07325212149044,48.08415076195713,0.0010462069008296934,73.54668745417756
1623.246492985972,53.4044803923036,53.02039338247815,2811.1621144327323,36.42851382457077,0.037999910943290624,52.877214910602724,53.93174587400448,52.647560384881864,53.39322638007443,2771.6266100356856,2850.697618829779,37.03194890718792,39.04838538921444,0.004824331601871417,61.31842020870523
1643.2865731462925,53.62675921282738,52.68206294628422,2775.399756276253,38.05515667929441,0.03773634510584183,53.102858284820535,54.150660140834226,52.31160904742065,53.052516845147785,2736.367205038999,2814.4323075135067,37.751344178452854,39.76658895822142,0.023085054376026603,61.80103092578259
1663.3266533066133,54.992316481117626,55.23171732933922,3050.54259914803,37.75387584694054,0.04041182814263265,54.44306031410389,55.54157264813137,54.84333456903527,55.62010008964317,3007.6405054826378,3093.4446928134225,38.56907416636869,40.58453181909666,0.011062433653647995,63.32913370373307
1683.366733466934,74.96027910876082,72.93289798853695,5319.207609006337,53.56176680760631,0.06510351394108242,74.23499215526049,75.68556606226115,72.42004266541073,73.44575331166317,5244.399559077452,5394.015658935223,53.16012069594116,55.16767244369268,0.01803825252207378,85.95662946662517
1703.4068136272545,350.0889587026411,295.56259366985324,87357.24677685078,276.1280577990306,3.4892048931659945,347.149713190072,353.02820421521017,293.4842332363435,297.64095410336296,86128.67557623291,88585.81797746864,263.3916844251778,265.3841881737286,0.15138311853321168,425.41309290834505
1723.4468937875752,12346.791844644604,657.2643845666182,431996.47121973534,12356.236637648646,13476.35490516651,12340.255627158751,12353.328062130457,652.6425808590616,661.8861882741749,425920.97728086554,438071.96515860513,642.1179928774116,644.1069886845055,11731.002600826894,13022.085128117847
1743.4869739478959,158.97935520753538,159.17013285820187,25335.131194097634,109.72981126651163,0.06279813228860677,157.39647527361154,160.5622351414592,158.0508677231202,160.28939799328353,24978.824033588633,25691.438354606635,112.69161235218013,114.68958171124865,0.09381541770667179,180.3159968525226
1763.5270541082164,728188.8223580854,3542.232686890518,12547412.408075618,728201.5556181578,723922.4485866548,728153.596345889,728224.0483702818,3517.3241347922726,3567.1412389887632,12370948.633224577,12723876.182926659,3546.0243465854173,3548.013263709926,724598.7599131808,731626.7325109963
1783.567134268537,1458822.838792939,5612.144968489955,31496171.147347126,1458848.6911944128,1521721.603478758,1458767.0283748826,1458878.6492109953,5572.681043421484,5651.608893558427,31053216.61032735,31939125.6843669,5580.838848166116,5582.827764610441,1453040.6569235448,1464133.0526324024
1803.6072144288578,98634.00924533523,4475.195722384692,20027376.753650244,98579.86121642624,3.738691640174449e-06,98589.50530868491,98678.51318198555,4443.726686989754,4506.66475777963,19745716.56847625,20309036.938824244,4484.6713921340515,4486.660317932609,94286.1107915735,103090.96363468889
1823.6472945891785,68149.78191567946,2515.598397818839,6328235.29910871,68146.4806585851,98820.60199143294,68124.76534910245,68174.79848225646,2497.9090139502323,2533.287781687446,6239236.527672171,6417234.07054525,2494.8341093406043,2496.823039619423,65607.87221091655,70616.54150127964
1843.687374749499,8724.77415667154,1467.3142408776926,2153011.081482479,8727.36258269448,0.03475818860882995,8710.182334531672,8739.365978811407,1456.996264492724,1477.632217262661,2122731.6541090715,2183290.5088558863,1466.1137583530838,1468.1027874433214,7226.4944090485305,10147.945102783715
1863.7274549098197,14818.97578882349,1009.153757394801,1018391.3060640449,14811.104589650928,17721.748831877427,14808.94017972937,14829.011397917611,1002.0575101510113,1016.2500046385907,1004068.8969250993,1032713.7152029906,1014.8139723940582,1016.8029549343579,13759.066689736122,15760.052859234673
1883.7675350701404,5663.039784206603,807.187295564187,651551.3301202261,5650.673765536787,4826.675202523395,5655.012646513597,5671.066921899609,801.5112520679446,812.8633390604294,642388.0697217529,660714.5905186994,812.8146965216471,814.8037873200614,4834.125168305777,6447.152566316991
1903.807615230461,6356.761830215901,708.9011871411648,502540.8931301527,6358.230305289882,6739.235991016287,6349.712106476208,6363.811553955594,703.9162796793362,713.8860946029934,495473.27949519444,509608.506765111,720.0570942355497,722.0461655545329,5651.620738060393,7054.925402887584
1923.8476953907816,3467.090673961441,644.905653299472,415903.3016576187,3471.5228618503625,3408.0542411081174,3460.677358852939,3473.503989069943,640.3707546963641,649.4405519025798,410054.1381650504,421752.465150187,647.4375098800033,649.4267105655556,2841.7670473801822,4127.9988572938355
1943.8877755511023,3703.1341466876247,606.3296094398039,367635.5952834251,3691.7744213647534,3784.5966646969323,3697.104454088316,3709.1638392869336,602.0659729143622,610.5932459652456,362465.2571448964,372805.9334219539,604.1361575512349,606.1253412362014,3063.8808092354225,4267.785221636481
1963.9278557114228,3373.522871123018,599.7925952381577,359751.1573025245,3374.978086301352,3408.4454252840833,3367.558186376764,3379.487555869272,595.5749262064413,604.010264269874,354691.703993747,364810.61061130196,602.9738084085723,604.9630172457339,2803.7102144061037,3989.382089753131
1983.9679358717435,1979.7042436744257,673.8326590089625,454050.4523470887,1976.8167519738095,1997.6510150324448,1973.0032616772692,1986.4052256715822,669.0943491981642,678.5709688197609,447664.7965490517,460436.10814512573,679.3870188580013,681.3764350300899,1312.7156261091109,2673.646052419377
2004.0080160320642,6918.595062421317,904.1185014138806,817430.2645988812,6921.434911618075,7028.8609431947525,6909.603984710449,6927.586140132185,897.7608493943504,910.4761534334108,805934.1229660643,828926.4062316983,910.8134017210575,912.8024603816527,6060.063573005694,7869.146913737017
2024.0480961923847,23168.923503153725,1079.834690402703,1166042.9585971013,23158.168574548454,23412.374605493456,23158.18500194938,23179.66200435807,1072.241423381332,1087.427957424074,1149644.0123107666,1182441.904883436,1089.4119936187758,1091.400952090773,22105.34665004363,24264.951316789513
2044.0881763527054,12255.227675751887,938.8502384559297,881439.770248756,12273.250747442833,12448.886877581344,12245.891205544029,12264.564145959745,932.2483570596067,945.4521198522526,869043.4144023649,893836.1260951472,962.4150651616321,964.404061509945,11367.13921063261,13252.229026425975
2064.128256513026,1165.88360517657,616.4379510816244,379995.74753371114,1131.5326084610833,1182.345785430548,1159.753389376942,1172.0138209761978,612.1032339195706,620.7726682436783,374651.57920192153,385339.91586550075,651.5708472005052,653.5606373527088,446.2057774354603,1711.5161391154957
2084.168336673347,1183.418348727273,449.9109151687575,202419.8315879889,1184.9787622631252,1118.6540350844007,1178.9441741639562,1187.89252329059,446.7471959948238,453.07463434269124,199573.048010226,205266.61516575183,457.4464829450814,459.4362336432882,751.7564141234652,1659.2783901156301
2104.2084168336673,1761.8843245489516,378.2756631650706,143092.477342974,1774.1187165584809,1954.3060177436544,1758.1225323963426,1765.6461167015605,375.61567442454646,380.9356519055948,141080.05933330717,145104.8953526408,376.42180859651245,378.41128195736025,1426.8302419520444,2181.232733047519
2124.248496993988,445.1897274114359,308.0493755226112,94894.4177598707,394.00478432281386,227.18779304891692,442.1263061123729,448.2531487104989,305.8832095484124,310.2155414968099,93559.84560861018,96228.98991113123,308.1513288366713,310.14275779449787,0.4249187934646128,550.4370562719799
2144.2885771543088,1696.272315863232,347.5407033228313,120784.54046612824,1714.5287272362993,1926.2269423692014,1692.8161699416755,1699.7284617847886,345.09683910492845,349.98456754073413,119085.85588789733,122483.22504435915,338.2947979659788,340.28429071213793,1378.815116596767,2055.587994397512
2164.3286573146293,667.9633333674157,364.37990901645804,132772.71809484225,639.1776418045872,510.6634676641982,664.3397286373689,671.5869380974624,361.81763353950237,366.9421844934137,130905.43468450583,134640.00150517866,387.15963433825175,389.1500985484977,182.52666953799172,927.1723795576172
2184.3687374749497,1278.356255515635,476.7990093909578,227337.29535619868,1287.318689650789,1404.261820965271,1273.6146901796806,1283.0978208515894,473.44621638846536,480.1518023934502,224140.07859163603,230534.51212076133,491.10216295902114,493.09184725577495,769.1765034915778,1742.4909609712588
2204.4088176352707,2002.8570632202484,711.282037129499,505922.13634309004,1992.9084387801431,1981.1013982040124,1995.7836629301592,2009.9304635103376,706.28038781833,716.283686440668,498806.96972097876,513037.3029652013,732.413678631691,734.40309076226,1306.946972236862,2748.118846075328
2224.448897795591,10979.627223669651,953.013633707463,908234.9860323025,10977.199111914255,11003.038286423343,10970.149904461185,10989.104542878118,946.312157027686,959.71511038724,895461.7887487024,921008.1833159026,967.0470385348791,969.0360443977339,10103.683095796685,12023.174955164912
2244.4889779559117,10272.432925766934,943.6610373920998,890496.1534919341,10281.470877519812,10518.584771178063,10263.048614189809,10281.81723734406,937.0253270391476,950.2967477450521,877972.4308609331,903019.876122935,947.9956618560162,949.9846738158259,9364.558735967998,11252.757697316898
2264.5290581162326,1631.8422721488885,699.0910608572813,488728.3113705589,1608.4273621644459,1402.8398041829594,1624.8901059833786,1638.7944383143983,694.1751370177135,704.006984696849,481854.9545463649,495601.66819475294,719.5572117423385,721.5467425612433,817.3451423265025,2224.816037038861
2284.569138276553,1618.2636850885922,454.61587966292745,206675.59804169732,1642.3715149500272,1885.6272265596765,1613.7427216349608,1622.7846485422235,451.4190757473682,457.8126835784867,203768.96239333358,209582.23369006105,454.8532149525498,456.8427330558478,1187.221687565863,2087.674141442497
2304.609218436874,456.22385303621263,303.9609725643431,92392.27284226134,410.5237575276298,174.99212154337548,453.2010891826655,459.24661688975976,301.8235557455743,306.09838938311185,91092.89025224467,93691.65543227801,314.2123554013793,316.2036831090929,17.35271537660594,590.3220323970866
2324.6492985971945,1198.348254569203,263.90593512087014,69646.34259202091,1216.2689527988587,1503.9705639754131,1195.723821193135,1200.9726879452708,262.05018048388024,265.76168975786004,68666.85326636148,70625.83191768035,263.7818213057016,265.77155051536744,972.3012507453382,1493.6159499381392
2344.689378757515,284.5396012915837,206.0835301786477,42470.42141089359,245.26526511354885,0.17888082702498367,282.4901873797252,286.5890152034422,204.6343757041145,207.5326846531809,41873.12767112162,43067.715150665565,205.7844747570156,207.77743091148025,0.6472784555830399,357.2152145268447
2364.729458917836,572.3127967727553,205.5377137094362,42245.75175690215,581.1797396035834,864.8369036211036,570.2688107758028,574.3567827697078,204.09239735034066,206.98303006853172,41651.617716831475,42839.88579697283,204.83576861107238,206.82638747787811,362.4590373171645,773.2389820211139
2384.7695390781564,322.9110098260322,224.5349980986303,50415.96537115191,287.2143722458736,6.344191325531624,320.67810383687555,325.1439158151889,222.95609513194555,226.11390106531505,49706.92742190695,51125.00332039688,232.96756855569657,234.95993357061172,0.2299454657959324,406.3195937937747
2404.809619238477,865.6564318778514,346.4193706804087,120006.3803826104,875.6092928314863,1159.1086193861217,862.2114371371545,869.1014266185484,343.9833915381099,348.85534982270747,118318.6396596789,121694.1211055419,357.90698686842927,359.89703273134273,495.28353024903936,1202.8848252290136
2424.849699398798,2809.685064852237,449.6913417146999,202222.30281316699,2812.8090835089733,2629.898919798602,2805.2130738544433,2814.1570558500302,446.52916655475485,452.8535168746449,199378.29723234187,205066.30839399213,465.97089876122146,467.9601661819483,2367.4078076470746,3280.0732813273835
2444.8897795591183,899.0930184572704,398.15364027166095,158526.32126157518,891.0184361128404,960.4699600160333,895.1335481943023,903.0524887202386,395.3538719988097,400.9534085445122,156296.84540206954,160755.79712108083,419.2143820423475,421.20440835064045,455.6797283721146,1275.878022018284
2464.929859719439,595.2346018777795,298.80691421518554,89285.57198280125,588.3769736234938,649.6050816394875,592.2630929637908,598.2061107917682,296.70574011174784,300.90808831862324,88029.8812826471,90541.2626829554,324.32534497600636,326.31594299230017,274.0889516166714,914.4397858092182
2484.9699398797597,461.68712834228256,242.95590514902722,59027.5718467831,452.7389770822565,311.07534868369544,459.27103419080447,464.10322249376065,241.2474685905319,244.66434170752254,58197.422345865256,59857.72134770095,264.5073388870148,266.49844144877903,198.19519524345935,707.8210287152053
2505.0100200400802,453.16338866850157,204.35795797399075,41762.17498729937,458.4392641750501,678.793809979882,451.1311348454627,455.1956424915404,202.92093751462772,205.79497843335378,41174.84185401481,42349.50812058392,216.8117142896162,218.80278963104917,246.0451508288981,673.001313757769
2525.0501002004007,272.3504690726923,185.55181842517658,34429.4773208897,246.02827596598507,8.333733291515145,270.5052343869241,274.1957037584605,184.24704046598924,186.8565963843639,33945.2694749531,34913.685166826304,195.7047362494632,197.69767984811685,4.59169948991409,347.35542204150187
2545.0901803607217,579.2706627376458,208.74111133123128,43572.85155979749,592.412955948487,801.581102229955,577.1948203005127,581.3465051747789,207.27326906725966,210.2089535952029,42960.053508916724,44185.64961067826,207.93709637591436,209.92768292179048,407.61149032272664,819.7305698492445
2565.130260521042,342.37366303831243,196.13576013244924,38469.236402733666,329.4213470276983,228.97855548475476,340.4231755098819,344.32415056674296,194.75655717447623,197.51496309042224,37928.21436165575,39010.25844381158,210.0314654015759,212.02338781659105,93.31982291529212,498.34189256705866
2585.1703406813626,326.2783172331568,189.95795105083775,36084.02316743247,310.3759335053978,308.89244855014397,324.38926541414804,328.1673690521656,188.62218969960387,191.29371240207163,35576.54618868589,36591.500146179045,206.68982269935918,208.6819299048621,85.83066607752626,477.37713836817016
2605.2104208416836,489.905542328677,202.46507204523843,40992.10539828359,495.56446541306923,597.7557476855955,487.8921124589768,491.91897219837716,201.04136213092988,203.88878195954698,40415.60233753959,41568.608459027586,212.2541285296761,214.2450419244238,308.3389202589479,724.8992820603767
2625.250501002004,316.540524452939,191.64231151080185,36726.77556120321,300.0988221935263,166.02884862656538,314.63472237855444,318.44632652732355,190.29470594040512,192.98991708119857,36210.259068171894,37243.29205423453,207.9065438365114,209.898760516182,45.51808821338118,437.64700990040467
2645.2905811623245,373.6155270376553,168.06949537706538,28247.355276301398,380.04612909937657,504.3882700192418,371.9441466916072,375.28690738370335,166.88765100043287,169.2513397536979,27850.0913003117,28644.619252291097,176.23758226325626,178.22910364835744,221.08010664219915,571.4143254086587
2665.3306613226455,188.17866355335786,121.40835577671199,14739.988852404675,174.62829484237434,114.27726464148678,186.971308588461,189.38601851825473,120.55462689373417,122.2620846596898,14532.689212481824,14947.288492327525,129.89274496243598,131.88734010081367,7.0663048499609475,242.15732647608957
2685.370741482966,154.9909958746621,105.40060853120707,11109.288278748762,138.1048039160964,166.1302620431121,153.94283121417246,156.03916053515175,104.65944419197476,106.1417728704394,10953.049933995328,11265.526623502195,111.24868647064149,113.24478899233524,0.11085615311531014,196.74033855288818
2705.4108216432865,266.31551092112403,127.943545852453,16369.550925298741,265.9596201963295,255.66594620912812,265.0431662433362,267.58785559891186,127.04386230278263,128.84322940212337,16139.333518318845,16599.76833227864,134.1198549333469,136.11249611749744,140.76426237784534,405.76733294357234
2725.4509018036074,194.47088522828432,104.03933274149055,10824.18275729459,189.4785429324261,245.99733446719816,193.43625788219774,195.5055125743709,103.3077407290717,104.77092475390941,10671.954067672465,10976.411446916714,110.52529659850248,112.51944545325543,67.27534172013222,282.55206262912384
2745.490981963928,85.32224908406725,66.03064390121035,4360.045934008448,71.13630715026142,0.08921417399323334,84.66560214045751,85.978896027677,65.56632439453848,66.49496340788222,4298.727302005576,4421.36456601132,64.38148721158224,66.38440274671096,0.13123179328024015,107.15515644058311
2765.5310621242484,125.00555439283421,67.16770864492483,4511.50108460951,121.70733991515411,190.58687474294845,124.3375998192434,125.67350896642503,66.6953934364142,67.64002385343547,4448.0524239818915,4574.949745237129,70.08861267241868,72.08568740873456,46.58892824782082,184.93684473853003
2785.5711422845693,63.79368163611279,46.351014860596955,2148.41657860728,55.21948775637751,40.58730967595485,63.33274031488386,64.25462295734172,46.02508012662689,46.67694959456702,2118.2017672116176,2178.631390002942,45.34930975378868,47.35629700705366,0.33450666187517986,79.64590851438257
2805.61122244489,25.056019419681725,22.234922232002212,494.39176666318616,19.141788377139218,0.3038518225321945,24.83490248272002,25.277136356643428,22.078568946441393,22.39127551756303,487.4387603728605,501.34477295351184,17.644789635450405,19.686728437146964,0.002598535968433339,29.90090883449314
2825.6513026052103,24.115520647782212,20.540446200054898,421.90993009734973,18.67918261894517,23.843894815600407,23.91125456129931,24.319786734265115,20.3960082651364,20.684884134973398,415.9762908344688,427.8435693602307,16.751502379405732,18.794789251192523,0.0018528364433335104,29.151776512699882
2845.691382765531,30.17286991974995,24.273104217010218,589.1835883298392,24.4649584009293,12.04357532241229,29.93148412136417,30.414255718135728,24.102418682089507,24.44378975193093,580.897452774906,597.4697238847723,21.413159704593564,23.443328111790137,0.00012820095070617508,37.20638565302587
2865.7314629258517,29.321754079893587,22.681274052679765,514.4401926527644,24.311213737617322,45.55952030555558,29.096198362064307,29.54730979772287,22.52178207506728,22.84076603029225,507.2052301458991,521.6751551596296,20.020702558809326,22.05113717702294,0.011028375405665397,36.04570692246903
2885.7715430861726,17.906184223967042,15.638571827526569,244.5649288047077,13.741763902447811,0.15263205681174166,17.750665213606784,18.0617032343273,15.52860328069741,15.748540374355727,241.12542676799467,248.00443084142074,12.185099233544221,14.2486306101151,0.001835795565126601,21.34397382382128
2905.811623246493,11.13675199884016,10.958357134414866,120.0855910853812,7.649250179661755,0.015871674640523373,11.027775752446692,11.245728245233627,10.88129929160179,11.035414977227942,118.39673636227461,121.7744458084878,6.702595890748019,8.829466614889947,0.0004075383863966719,12.716417194417703
2925.8517034068136,10.481204685629288,10.240305225107218,104.86385110335819,7.3754935120430005,0.02254726929453133,10.37936916305347,10.583040208205107,10.16829663652818,10.312313813686256,103.38907125160117,106.3386309551152,6.51842702620864,8.650762777205221,0.00721488229132908,12.16779178171945
2945.8917835671346,13.039733669479007,12.084459433498816,146.03415979987852,9.368598284529067,1.1763996641305245,12.919558809999293,13.159908528958722,11.99948297543257,12.169435891565062,143.9803706792706,148.08794892048644,8.34172060586124,10.441941603102954,0.004455541598054247,15.230100179628192
2965.931863727455,16.86767318823596,15.109147966350628,228.2863522690773,12.649787106948764,14.751896707729253,16.71741907519876,17.017927301273158,15.002902264120854,15.215393668580402,225.07578819752032,231.49691634063427,11.411359855760589,13.481585378447763,0.0020393394840945915,20.134089319682598
2985.9719438877755,24.65615000582684,20.46725296003799,418.90844373018376,19.599414740157656,0.8186731746955348,24.45261179528926,24.85968821636442,20.323329711136292,20.611176208939685,413.0170166459807,424.79987081438685,17.072909327759817,19.113578747179545,0.0025647364089159412,29.84533274899163
3006.0120240480965,37.11500302457038,27.069412952276885,732.7531175808956,32.32774417213619,61.97791157844324,36.84580911352786,37.3841969356129,26.879064112324592,27.259761792229178,722.4478548735846,743.0583802882066,26.179703466856306,28.19968462174717,0.02631260168728564,46.29626757463895
3026.052104208417,39.69438373700105,30.332019397045404,920.0314007027386,33.45347129355861,0.6401090119324494,39.392744578970415,39.99602289503168,30.118728302930545,30.54531049116026,907.0923014949207,932.9704999105564,28.159456133133386,30.178376407252113,0.0004393988149978958,49.085522395018344
3046.0921843687374,44.56812771608025,31.519255544708322,993.4634700926263,39.6256164865327,63.37161877867543,44.25468199458687,44.88157343757363,31.297615949506444,31.7408951399102,979.4916400126389,1007.4353001726137,30.901290976513682,32.915479198458755,0.23358699041096892,55.6993134926331
3066.1322645290584,35.826701941106066,26.666339529331776,711.0936638936024,30.43202628002625,27.121503669416374,35.561516425493146,36.091887456718986,26.47882505296943,26.85385400569412,701.0930145069161,721.0943132802887,24.730707474510567,26.75265539468274,0.0481120655407602,44.51365894861073
3086.172344689379,23.1837888747885,19.538846934887584,381.7665395449659,18.171769016523903,0.1289548494310004,22.989483271156224,23.378094478420778,19.401452124936654,19.676241744838514,376.39746722240756,387.13561186752423,16.305532762735588,18.350379337776587,0.022943073609101743,28.39001800467483
3106.2124248496993,19.95467516433491,16.398921904206983,268.9246396202796,16.00410945820004,30.095410823756534,19.79159479269711,20.117755535972705,16.283606667543474,16.51423714087049,265.14254849945956,272.70673074109965,13.691318879990508,15.743976330241917,0.029917672302125626,24.151753768763694
3126.2525050100203,15.335953048888587,13.72168245254781,188.2845693285585,11.473884465330233,0.3417790477287892,15.199496696030216,15.472409401746958,13.625193240105672,13.818171664989949,185.6365806621036,190.93255799501338,10.23240352434274,12.31132312673535,0.017012910769849548,18.361104139978185
3146.2925851703408,12.6476942402951,11.964423429119703,143.1474279912685,9.26761627140214,0.1111937431575909,12.528713088323626,12.766675392266576,11.880291049727285,12.048555808512122,141.13423716896804,145.16061881356896,8.305172921933591,10.406671638788092,0.000693760878009585,14.631199157849084
3166.3326653306613,14.053409896590491,12.34654600130139,152.43719816225132,10.852987247814259,11.615190809801902,13.93062869657643,14.176191096604551,12.259726582169225,12.433365420433553,150.29335825800825,154.5810380664944,9.30873057954381,11.393034923402265,0.011984538503576834,16.65854508006428
3186.372745490982,13.368904461734518,11.704450495010114,136.9941613901425,10.278093064707459,6.079606156234591,13.252508631100508,13.485300292368528,11.622146213866964,11.786754776153265,135.06750862180772,138.92081415847727,8.756225629766517,10.846123242741717,0.0043451210749245435,15.948941691449907
3206.4128256513027,9.92948088384397,9.622416594025546,92.59090110897819,7.0068977187455195,0.03324586543896066,9.8337900034694,10.025171764218541,9.554752923614977,9.690080264436116,91.28872505903551,93.89307715892086,6.036010307151295,8.176425243943765,0.0005901977417786125,11.432568670207099
3226.452905811623,8.057629774477164,7.893190593993145,62.302457753101855,5.663236567206985,0.010839479832967668,7.979135318378428,8.136124230575899,7.837686631800179,7.948694556186111,61.42625104848012,63.17866445772359,4.635682004428227,6.815213496192774,0.008243534306748602,9.220912938792583
3246.492985971944,7.856992918788969,7.973897266012035,63.583037608914196,5.430191501164979,0.00921644815961608,7.777695868828066,7.936289968749873,7.917825784256591,8.029968747767478,62.68882113877225,64.47725407905614,4.466917218438439,6.655377163901834,0.0009141539396391969,8.826441614684805
