Energy,est. mean,est. std,est var,est median,cred mu min,cred mu max,cred std min,cred std max,cred var min,cred var max,cred median min,cred median max,HPD min,HPD max
0.0,1.6887726147697246,1.7046579828679937,2.9058588385555773,1.1562976046727647,1.6718205090773295,1.7057247204621198,1.6926710339775102,1.7166449317584773,2.86499154232279,2.9467261347883644,-0.45166709821116835,2.8629332587421548,0.00016236998254366973,1.9122577884078023
30.120481927710845,1.737675106667414,1.7340766799327643,3.007021931886639,1.2016582052429805,1.7204304444229208,1.7549197689119074,1.7218828623204114,1.746270497545117,2.96473190236477,3.049311961408508,-0.3638646158676184,2.8786974231276203,0.0004168998212791834,1.9886171013954983
60.24096385542169,1.7786324523105634,1.779686376554845,3.1672835988949135,1.2446423943770708,1.7609342208425038,1.796330683778623,1.7671718370687708,1.7922009160409191,3.122739688030466,3.2118275097593614,-0.31564431414280203,2.86532475908502,0.00021711229331343446,2.0292853776429522
90.36144578313254,1.840062458625693,1.8254171849680343,3.332147899176623,1.2878286564019814,1.821909453528313,1.8582154637230732,1.8125810719647628,1.8382532979713058,3.285285376647896,3.37901042170535,-0.25824753542520806,2.8664866033697263,0.0005441057584838911,2.1035186133424033
120.48192771084338,1.8945963758017441,1.9385999721003848,3.7581698518276125,1.2735462932042687,1.8753178155552899,1.9138749360481984,1.9249679714186037,1.9522319727821662,3.705315859544865,3.81102384411036,-0.21583298531469408,2.926919850957041,0.00038893822768465934,2.1661091623493065
150.60240963855424,2.289337896988276,2.33153677643251,5.4360637398573015,1.5862869137168136,2.266151745715108,2.3125240482614435,2.315141691637636,2.347931861227384,5.359612253553346,5.512515226161257,0.2227043888071487,3.0662408400223953,0.0004016971510643778,2.6015712278166863
180.72289156626508,2.9259359542554915,2.887916166068753,8.340059782241246,2.0281821670557143,2.897216844281532,2.954655064229451,2.867608688656524,2.9082236434809823,8.222767197619541,8.45735236686295,0.7875687501987456,3.3997210624242937,0.0006562583601962028,3.3677482369091365
210.84337349397592,3.642398738555835,3.6643632906823043,13.427558326100046,2.501255044648424,3.6059581889422008,3.6788392881694696,3.6385959309403386,3.69013065042427,13.238716391827516,13.616400260372576,1.3522749630933688,3.8234157315560644,0.0035628044792084396,4.140187892044973
240.96385542168676,4.445505393407558,4.49493396772804,20.20443137423534,3.11193318503069,4.400805168220414,4.490205618594702,4.4633261353776446,4.526541800078436,19.92028113567925,20.48858161279143,2.0030531219370853,4.3646902557097595,0.0013460602873027654,5.029582126059919
271.08433734939763,4.755140885263156,4.747692487423287,22.540583955135517,3.3235371621941106,4.707927083051418,4.802354687474894,4.714307287713767,4.781077687132807,22.223578631431486,22.85758927883955,2.284012501200536,4.618387390653811,0.0002007178886902701,5.481775209242606
301.20481927710847,5.146992939215673,5.069633693977364,25.701185791110575,3.58036642138196,5.096577567296057,5.197408311135289,5.033984642616962,5.1052827453377665,25.339730527240526,26.062641054980624,2.5433889135784034,4.849564020193802,0.0003995731361942265,5.883219668643361
331.3253012048193,5.398572100245659,5.375715271037429,28.898314675265027,3.725242627237688,5.345112875953916,5.452031324537401,5.337913891023766,5.413516651051093,28.491895763653545,29.30473358687651,2.6710989756300085,4.963296295670178,0.003523011037438304,6.108305333625342
361.44578313253015,6.046915316146496,5.955181781357616,35.46419004901367,4.273678775962318,5.987693541462314,6.106137090830678,5.91330566288453,5.997057899830703,34.96543025340387,35.96294984462347,3.2153110208435907,5.464110184438314,0.0007926647989749946,6.881619764572169
391.566265060241,6.978879312169298,7.05443715552047,49.76508358118774,4.85017862857924,6.9087259057601464,7.049032718578449,7.004831206125224,7.104043104915717,49.06519947609035,50.46496768628513,3.9188099711564526,6.133583912776407,0.0009132462651831128,8.014200036957387
421.68674698795184,7.363914730428663,7.370037973657244,54.31745973314977,5.050384595741788,7.290622806804076,7.4372066540532495,7.318212757456092,7.421863189858396,53.553552110358794,55.08136735594074,4.1676301400050715,6.372573936132678,0.0009343583687492641,8.495001535265473
451.8072289156627,7.457692854463971,7.5039890670433556,56.309851918306215,5.035622697807743,7.383068843631561,7.532316865296382,7.45122192294442,7.556756211142291,55.51792377347118,57.10178006314125,4.179510929976983,6.385150338744403,0.0002869146104517313,8.526223784814338
481.9277108433735,8.399750051985903,8.435787344511548,71.16250812182119,5.858327829719411,8.315859699727596,8.483640404244209,8.376467907553572,8.495106781469524,70.1616958106739,72.16332043296849,4.839569538015385,7.01221710359038,0.0032656329649361393,9.549313670297387
512.0481927710844,8.831861844739691,8.850726095699656,78.33535242109888,6.121476805989882,8.743845101359703,8.91987858811968,8.78848885959771,8.912963331801603,77.23366296171545,79.4370418804823,5.2594414223761055,7.42355256875977,0.0012175283147129873,10.23737266721419
542.1686746987953,9.722583022334424,9.858250754383736,97.1851079363075,6.679114084213289,9.62454687056087,9.820619174107978,9.788928726663222,9.92757278210425,95.81832007216518,98.55189580044983,5.86996327433986,8.018365817998793,0.0010223152318371012,11.053022160665604
572.289156626506,10.19747199464878,10.075220563947495,101.51006941219046,7.244812402521779,10.097278169499834,10.297665819797725,10.004372830751656,10.146068297143334,100.0824563353829,102.93768248899802,6.151729527152167,8.286829369241666,0.003479876018073164,11.66991496508937
602.4096385542169,11.083594966445729,11.169545014007458,124.75873581993888,7.610780317448464,10.97251854553527,11.194671387356188,11.09100212355174,11.248087904463175,123.0041591189881,126.51331252088966,6.9311983682503975,9.058811830996289,6.886356532207853e-05,12.649783050056019
632.5301204819277,11.599986847455998,11.748985264126059,138.0386547366513,7.945206606447789,11.483148137299745,11.716825557612252,11.666367819869482,11.831602708382636,136.09731246639075,139.97999700691184,7.311217127755956,9.43262884295569,0.00038527009128343985,13.200526816095968
662.6506024096386,11.909864918914934,11.912566210087025,141.90923370970717,8.29999939674013,11.791399465146142,12.028330372683726,11.828798484390772,11.99633393578328,139.9134565524571,143.90501086695724,7.491697703187869,9.607107892640085,0.0025522170412432955,13.603652622000373
692.7710843373494,12.345536287191187,12.262987626976669,150.38086553938288,8.507515977338723,12.22358604001768,12.467486534364694,12.176755780232908,12.34921947372043,148.26594540004268,152.49578567872308,7.759256052626137,9.871401092597571,0.0005120226883800851,14.104103976474411
722.8915662650603,13.694186707158593,13.791739849972776,190.2120880893271,9.371641579107637,13.557033662988758,13.831339751328429,13.694758002379908,13.888721697565645,187.536991264986,192.8871849136682,8.85352641806628,10.953709358121344,0.002113369086235215,15.848954787993279
753.0120481927711,16.43344032404866,16.479047044911542,271.55899150840787,11.356106657946897,16.269563141632695,16.597317506464627,16.363168377943467,16.59492571187962,267.7398514994708,275.37813151734497,10.723902276353554,12.803796123198273,0.0005017920959174294,18.72477061387013
783.132530120482,14.938091208961348,14.936119973562414,223.0876798646501,10.291794140971104,14.78955778643859,15.086624631484106,14.831090983263726,15.041148963861103,219.95022866504343,226.2251310642568,9.682692966208716,11.77244966748033,0.00012572858575444338,17.15179311467111
813.2530120481928,15.6994590256611,15.648641593801646,244.8799837312589,10.85861754403906,15.5438398757163,15.855078175605902,15.53860223759319,15.7586809500101,241.43605083822135,248.32391662429646,10.15118523303636,12.235437857670101,0.0002664070388250419,17.7242279959917
843.3734939759037,15.69257158271299,15.841616003820953,250.9567976125161,10.645637738632242,15.535033383535175,15.850109781890806,15.730219674886403,15.953012332755502,247.42740187808317,254.48619334694905,9.960383102016008,12.046631975249216,0.015839429292728496,17.994556076939894
873.4939759036145,17.598799190407675,17.6335351641635,310.9415623857907,12.148474949122743,17.423441109879086,17.774157270936264,17.50953827628588,17.75753205204112,306.56855542051693,315.31456935106445,11.47503024268456,13.548748189050347,0.030977846956825438,19.961764494008992
903.6144578313254,18.10617002857648,18.369789722050303,337.449174432345,12.490550774556201,17.923490206556494,18.288849850596463,18.24061558111402,18.498963862986585,332.703370819293,342.19497804539697,11.973422857904824,14.044726147429072,0.005943624540056707,20.690431044518107
933.7349397590361,18.39112877809576,18.283747073065403,334.2954070318277,12.691349225162107,18.209304613981526,18.57295294220999,18.155177973636654,18.41231617249415,329.5939572410936,338.9968568225618,12.020002312906128,14.089951150008316,0.0005287398459696466,20.883939312856068
963.855421686747,19.775916407432057,19.303008197349214,372.60612546693096,13.916714406699253,19.58395612071689,19.967876694147222,19.16727177689441,19.43874461780402,367.365882993495,377.8463679403669,13.339749495018527,15.402309420970408,0.0023585151605373584,22.778522679992935
993.9759036144579,20.722130846115334,20.907454215020735,437.1216417531883,14.150765590477452,20.51421501949559,20.930046672735077,20.760435524101908,21.054472905939562,430.974068654913,443.26921485146363,13.860785600573125,15.922084762662317,0.0004710586344753487,23.548598532984595
1024.0963855421687,22.611771926112574,22.541767017632722,508.1312602772344,15.550395064892271,22.38760354699095,22.8359403052342,22.383256036628225,22.70027799863722,500.9850250701548,515.2774954843139,15.0069599755723,17.061536604335004,0.003954891254044128,25.784794942012013
1054.2168674698796,22.184906042645988,21.843692430499,477.14689899823935,15.5454687570945,21.9676797212868,22.402132364005176,21.69009022561371,21.997294635384293,470.43642035791777,483.85737763856093,14.85618326273049,16.910781363518673,0.0007345359861783705,25.219136047641076
1084.3373493975905,24.165980688356964,23.835110532584405,568.1124941005161,17.04199418131889,23.92895055269392,24.403010824020008,23.6675049163115,24.00271614885731,560.1226973210228,576.1022908800094,16.1280215518215,18.176684076634107,0.0021479651718620068,27.55007584728022
1114.4578313253012,23.527738687657383,23.54512711070238,554.3730106591322,16.41523297788877,23.293592314993248,23.761885060321518,23.37956062280134,23.710693598603424,546.5764426533269,562.1695786649375,15.745668078233702,17.79668085139485,0.003332434432553386,26.71872819286397
1144.578313253012,24.514828303622835,24.06034189025334,578.9000518758796,17.239003206978474,24.275558336967993,24.754098270277677,23.89115247429742,24.22953130620926,570.7585414916563,587.041562260103,16.55108643217721,18.599046508657427,0.0007912538855884732,28.028384786948845
1174.698795180723,24.614808193842574,24.465612638714465,598.5662017876249,17.352230172213915,24.371507980281315,24.858108407403833,24.293573407841166,24.637651869587764,590.1481114252078,606.9842921500419,16.57097352863114,18.61853730848333,0.009530867076858546,28.225235020939618
1204.8192771084339,25.2459080750149,25.119426652340888,630.9855953423338,17.5537492178181,24.996105956453604,25.495710193576194,24.94278988035143,25.296063424330345,622.1115664661429,639.8596242185247,16.80363373222746,18.85050519046741,0.004651236570406451,28.614340358296005
1234.9397590361446,25.056407977594475,24.881692831344868,619.0986381533986,17.938417593544237,24.80897002175713,25.30384593343182,24.706727774849345,25.05665788784039,610.3917845695175,627.8054917372797,17.165213794310525,19.210808080895305,0.011520873856202827,28.536164324854926
1265.0602409638554,48.63225659454981,48.265633588317804,2329.5713856817515,33.52861973434095,48.15227519644965,49.112237992649966,47.92623548687778,48.60503168975783,2296.8088568724015,2362.3339144911015,33.480356747859034,35.49920877616495,0.01698068931662147,55.13908765885071
1295.1807228915663,38.492205708602086,39.05545638551818,1525.3286734811127,26.448975112462733,38.10381564375275,38.88059577345142,38.78082313691773,39.33008963411862,1503.876819755657,1546.7805272065684,26.667885871490483,28.694901738936274,0.007151026609636641,43.779635465329626
1325.3012048192772,30.611626628963766,30.27901591250901,916.8188046299739,21.602538492129362,30.310514568263486,30.912738689664046,30.066097532490787,30.491934292527233,903.924886596699,929.7127226632488,21.12290752999032,23.158667863512598,0.025536923313063203,35.24508659935173
1355.421686746988,28.754747125331782,29.15593353695661,850.0684604114313,19.787302421639325,28.46480364585012,29.044690604813443,28.950912536454304,29.360954537458916,838.1133030827801,862.0236177400824,19.087937349681123,21.128103021497193,0.015287238137782681,32.39167636185135
1385.5421686746988,30.33735409705633,31.29696365206369,979.4999338385957,20.29133799763458,30.02611897481309,30.64858921929957,31.07688718658207,31.517040117545307,965.7244835568899,993.2753841203014,20.374167428078927,22.413028917752538,0.0005415518529698929,34.617498168292485
1415.6626506024097,33.75112348825588,34.49126424084411,1189.6473089317315,22.957697869356984,33.4081223919941,34.09412458451766,34.24872583972299,34.733802641965234,1172.9163967684904,1206.3782210949726,22.959210222743035,24.992145638270824,0.01001779023623062,38.25608544995973
1445.7831325301206,38.227010281466974,38.233179390987885,1461.7760063434607,26.75478675502598,37.846797415011565,38.60722314792238,37.96432829482289,38.50203048715288,1441.217941965181,1482.3340707217405,26.41667579271463,28.44324808849405,0.004533424255000503,43.32469977389187
1475.9036144578315,48.60048261824014,47.82366091911922,2287.102543706891,33.927703661635604,48.12489645219046,49.076068784289824,47.48737071606698,48.159951122171464,2254.9372864245065,2319.2678009892757,33.59584828565893,35.614343026678355,0.001650178137914482,55.73712777490483
1506.0240963855422,130.7674774805503,128.14739061442648,16421.753721286404,92.34322456903689,129.49310565245753,132.04184930864307,127.246273653029,129.04850757582398,16190.802146803426,16652.70529576938,94.22415112323368,96.22383428624151,0.09368764526873055,151.33700959100452
1536.144578313253,187.33460916761936,182.13133172646792,33171.821996456696,130.58785345309838,185.5233897814706,189.14582855376813,180.85060621630558,183.41205723663026,32705.301510972848,33638.34248194055,134.45276726606284,136.44928504844222,0.07099143736539854,217.71779466071635
1566.265060240964,47.61075949673227,48.08968944895065,2312.6182312965157,32.737536260841296,47.13252778899609,48.08899120446845,47.751528565431975,48.427850332469326,2280.094127552124,2345.1423350409073,33.12384423936212,35.14343063520017,0.0013862942762985606,54.60646654184338
1596.3855421686749,30.119438703612268,30.058179936109866,903.4941810715577,20.72488048578297,29.820522763688253,30.418354643536286,29.846814447984844,30.269545424234888,890.7876573228664,916.200704820249,20.475798669220627,22.51359032484722,0.0028182720105211054,34.49269474760086
1626.5060240963855,27.57965918329332,27.71612172067477,768.1834032352598,18.63030268487794,27.304034025922057,27.855284340664582,27.521225302831944,27.911018138517598,757.3798575555492,778.9869489149704,18.42518724827921,20.468620573550968,0.02702672256467749,31.456083214945785
1656.6265060240964,30.12133528057317,29.728384996069956,883.7768744745573,20.638515137062356,29.825699012428807,30.416971548717534,29.519338586100393,29.93743140603952,871.3476501593144,896.2060987898002,20.205792621085298,22.24379372650237,0.014182609804049581,34.408356552836786
1686.7469879518073,41.52914347684451,41.372352267155236,1711.6715321175848,28.6631317981033,41.11771285825448,41.94057409543454,41.08142688676244,41.66327764754803,1687.5989974754516,1735.744066759718,28.701051311986063,30.725073086834758,0.0005295668563807389,47.863587895244585
1716.8674698795182,28.330455401972024,28.261938682116497,798.7371780717127,19.516837176033007,28.04940232479981,28.611508479144238,28.06320414537468,28.460673218858314,787.5039314888805,809.9704246545449,19.32180768699923,21.362701651149713,0.003981593448967678,32.39370928689044
1746.987951807229,400759.19814971095,2126.52423663764,4522105.329007298,400746.3804016975,400738.05076180137,400780.34553762054,2111.570775242373,2141.477698032907,4458507.532849977,4585703.125164619,2125.7934838745105,2127.7824021087326,398615.61298072943,402858.019849152
1777.1084337349398,1679176.8129320743,3260.2198935124316,10629033.754054211,1679177.9878342133,1679144.3914183334,1679209.2344458152,3237.294421289833,3283.1453657350303,10479549.592837645,10778517.915270777,3260.121844864973,3262.110761220348,1675656.7001634294,1682159.8058907571
1807.2289156626507,327497.91246634437,2114.82755941065,4472495.606042806,327480.8430351325,327476.8813969635,327518.94353572524,2099.956347635845,2129.698771185455,4409595.509036426,4535395.703049186,2120.509752864225,2122.498671650556,325402.31773805944,329601.3199663851
1837.3493975903616,20600.73430806797,829.1066993826915,687417.9189612608,20590.157003853208,20592.48919113574,20608.9794250002,823.2765212882347,834.9368774771484,677750.2395278441,697085.5983946775,832.0891313028397,834.0780951012201,19785.28046903594,21428.473708811314
1867.4698795180723,15367.944797145507,523.9934704946389,274569.157121016,15365.523513378232,15362.733902770668,15373.155691520345,520.3088117461439,527.678129243134,270707.68287059135,278430.63137144066,531.3529723871801,533.3419525180665,14847.324143566833,15898.23344994898
1897.5903614457832,8315.022193830451,435.10250706757324,189314.19165648762,8310.582312479546,8310.695282648874,8319.349105012028,432.0429188294884,438.16209530565806,186651.7226305173,191976.66068245794,427.4934260810698,429.48246085489865,7892.878940044689,8749.018762879534
1927.710843373494,5329.7086145252715,400.16266071843575,160130.1550332579,5329.786421570463,5325.729165400096,5333.6880636504475,397.3487652566366,402.97655618023487,157878.1232433038,162382.18682321202,401.03183720681386,403.0209385442596,4912.404055160532,5706.67513587606
1957.831325301205,3719.0288154130517,379.81756638004055,144261.38373085653,3723.35933733836,3715.25168968237,3722.8059411437334,377.14673516248126,382.4883975975998,142232.52650432612,146290.24095738694,371.46996044368285,373.4591418556177,3337.456780086896,4078.154439322228
1987.9518072289159,4877.904718501277,434.0653839626115,188412.75755460936,4871.294091310167,4873.588121072176,4882.221315930377,431.01308864884186,437.1176792763812,185762.96607993197,191062.54902928675,429.12211022528277,431.11122903068826,4432.717004545171,5297.63045640762
2018.0722891566265,25766.850928751588,616.5238158602089,380101.61552283267,25762.938915842482,25760.7198590629,25772.981998440275,612.1884949074107,620.859136813007,374755.958289237,385447.27275642834,619.6653698695831,621.6543240237357,25188.00027017983,26404.27433062112
2048.1927710843374,13643.356290120697,516.1194611805639,266379.29820931563,13642.140630612586,13638.223699452206,13648.488880789188,512.49017151382,519.7487508473079,262633.0041547795,270125.5922638518,518.9127915394469,520.9017798016567,13113.013073083603,14136.566859443885
2078.3132530120483,493.3502675419633,291.06776129190894,84720.44166348368,466.3794575864977,490.4557212443138,496.24481383961285,289.0210079763825,293.11451460743535,83528.95385254956,85911.9294744178,306.49330001114754,308.48433854626876,132.58176147360436,718.2074608310692
2108.4337349397592,1271.8946704823761,307.81813777144373,94752.00594107951,1262.452558440267,1268.8335487453585,1274.9557922193937,305.65359783316103,309.98267770972643,93419.43663521133,96084.57524694769,306.97793396407087,308.9676334042816,939.9892608251378,1545.8438793499743
2138.55421686747,853.7271573916279,308.51057538286375,95178.77512306564,846.000437249487,850.6591496541972,856.7951651290585,306.3411663069937,310.67998445873377,93840.2038385907,96517.34640754058,311.9600074823437,313.9500929203102,528.5418132989228,1145.7934668338307
2168.674698795181,1120.9510575885502,316.0184982168551,99867.69121523645,1117.1291987295185,1117.8083867206315,1124.0937284564689,313.79629433511246,318.24070209859775,98463.17614835649,101272.20628211641,319.7305181650353,321.7203195959137,818.1003509188129,1449.281091881403
2198.7951807228915,3967.3562496125633,418.9414374177117,175511.92798561844,3964.7403928390922,3963.1900534621304,3971.522445762996,415.9954918679875,421.88738296743594,173043.57065930686,177980.28531193003,417.4054117318898,419.39457696878594,3518.122831780533,4344.470480099899
2228.9156626506024,16783.94967996781,577.673867530223,333707.0972273256,16773.33196195777,16778.204956652913,16789.694403282705,573.6117347182189,581.7360003422272,329013.9212834619,338400.2731711893,578.2612042219853,580.2501789505147,16199.500502623036,17350.7318354141
2259.0361445783133,6691.494077051309,466.549726738785,217668.64752003498,6692.8604517364765,6686.854436514662,6696.133717587957,463.26900545305364,469.8304480245164,214607.4082813068,220729.88675876317,462.0634631948882,464.0525267359652,6233.827374960613,7154.772115223446
2289.156626506024,412.07290123837663,262.9105165941739,69121.93973581538,375.4594269177628,409.4583668803184,414.68743559643485,261.0617616199457,264.7592715684021,68149.82548515461,70094.05398647615,270.04612859966846,272.03768185774595,23.146726252359638,530.2842103858934
2319.277108433735,164.49095804939654,145.06885103718545,21044.971541249102,125.92554339568757,163.04830942417544,165.93360667461764,144.04874441142215,146.08895766294876,20749.0001489793,21340.942933518905,120.73201242235507,122.72881277471663,0.3983441528571121,196.46193851742814
2349.397590361446,142.79256698516826,128.55010426603798,16525.129306809235,107.26337709431603,141.51419033942028,144.07094363091625,127.64615547091907,129.45405306115688,16292.723883081846,16757.534730536623,106.17577806273118,108.17395656593678,0.10304007439193111,171.14684107371806
2379.518072289157,195.09234462282075,162.20154227798471,26309.340317356866,154.17501935463798,193.47931859894953,196.70537064669196,161.060960638275,163.34212391769444,25939.33211524713,26679.348519466603,144.8600021099147,146.8553531171904,0.09642040465686334,237.399883720749
2409.6385542168678,3457.3768989612254,388.02531655228677,150563.64628550236,3451.9502395161053,3453.5181506119216,3461.235647310529,385.29676942760165,390.7538636769719,148446.1555619348,152681.1370090699,384.0384922610269,386.02769456230845,3057.1492669045,3825.415403409584
2439.7590361445787,2523.8263322323937,386.5981124504999,149458.10055028938,2525.6122688697724,2519.9817768267894,2527.670887637998,383.87960125254983,389.31662364845,147356.1579546833,151560.04314589547,390.1214249635797,392.1107323800981,2141.839171271499,2903.7356176359567
2469.879518072289,297.0801315894252,218.61848897142954,47794.043720151065,251.80058553521,294.9060627916948,299.2542003871556,217.0811901817883,220.1557877610708,47121.879843173105,48466.207597129025,213.51940767189154,215.51225875383642,3.402408279583567,371.4667024758755
2500.0,133.85203179689847,121.8177619888153,14839.567135963654,99.27683416925535,132.640605459651,135.06345813414595,120.96115421083964,122.67436976679097,14630.867051133238,15048.26722079407,99.02112548201555,101.02005287555633,0.010786149583105272,161.24674261616244
2530.120481927711,138.89762880532388,126.32633642722011,15958.3432751232,101.76785811235531,137.6413665941533,140.15389101649444,125.438024898753,127.21464795568723,15733.90899312857,16182.777557117828,102.06951957060203,104.06820070834696,0.00322352808219288,164.99856179879748
2560.240963855422,122.13962929557601,112.65387511515081,12690.895578459997,89.21987721276119,121.01933395375212,123.2599246373999,111.86170668201544,113.44604354828618,12512.413890986803,12869.37726593319,88.96949471128693,90.9695569106047,0.06872436900479868,145.22658336309797
2590.3614457831327,98.11771711875141,92.053175215175,8473.78706719571,71.1919982136892,97.20228706107922,99.03314717642361,91.405868413693,92.700482016657,8354.613774366115,8592.960360025305,70.42079062265324,72.4236951298324,0.039572176780629915,113.61478818681367
2620.4819277108436,174.0033055894075,142.36105503734348,20266.66999134554,139.29285586388494,172.58758485496804,175.41902632384694,141.35998930575494,143.36212076893202,19981.644443924197,20551.695538766886,128.1693562136197,130.16539721968772,0.02212396981325445,213.114947342909
2650.6024096385545,85.28142027175387,80.00811769352121,6401.298896860341,62.6668511133843,84.48577323814291,86.07706730536484,79.44551028062395,80.57072510641848,6311.272576647677,6491.325217073006,61.610277158801665,63.615099773605436,0.04678500798181824,98.98357805553267
2680.7228915662654,83.66739559300841,80.03270665850566,6405.234135086417,60.16325380270716,82.87150403249676,84.46328715352006,79.46992633897874,80.59548697803258,6315.15247063466,6495.315799538174,60.34812888059148,62.35361889915861,0.014651764018234327,97.96177965104224
2710.843373493976,134.6002690435934,119.51885670201698,14284.757107357269,101.542370970619,133.41170435119804,135.7888337359888,118.6784145481453,120.35929885588865,14083.859736647422,14485.654478067116,100.18161168761884,102.1803146166366,0.04615002065907024,162.88348608112918
2740.9638554216867,138.817838212528,120.93324702891752,14624.850236957187,106.21540325170241,137.61520800402738,140.0204684210286,120.08285905322695,121.78363500460809,14419.169878687972,14830.530595226403,102.76331917126733,104.76158949264367,0.2455589241094508,168.159115264508
2771.0843373493976,68.95241363443174,66.07497828162231,4365.9027549168595,48.52411833934635,68.29532580408102,69.60950146478245,65.61034702094615,66.53960954229846,4304.50175400058,4427.303755833139,49.38186272624333,51.39136902638498,0.0008500462383449204,80.41845172290309
2801.2048192771085,41.52549146005556,41.051509173913,1685.2264054558632,29.197915928631936,41.11725149089901,41.933731429212116,40.76283992337101,41.34017842445498,1661.5257886821614,1708.927022229565,28.30250977061087,30.32587761615024,0.00041497233092762335,47.2021701348264
2831.3253012048194,44.963860305727856,45.19422417251856,2042.5178985558607,30.585282658291014,44.514422780688754,45.41329783076696,44.876423850843715,45.512024494193405,2013.7924205961178,2071.243376515604,30.312961817897953,32.33474153373453,0.007563095255441926,50.69594819600621
2861.4457831325303,44.486417094831154,44.32355705743949,1964.5777102240936,30.732241203470423,44.04563798755447,44.92719620210784,44.01187916167879,44.63523495320018,1936.9483642315101,1992.207056216677,31.061257186734128,33.08287721119797,0.004053598050794026,51.088815638316795
2891.566265060241,58.96168089993525,56.50669602523834,3193.0066956886867,41.817325373483555,58.3997456067709,59.523616193099606,56.10934776885377,56.90404428162291,3148.1010214093244,3237.912369968049,41.29927077185684,43.31211870029216,0.0036828077117234763,67.74895486250963
2921.686746987952,94.2163745450053,88.62188283461032,7853.838117151399,68.40989356281972,93.3350672449076,95.09768184510298,87.99870446640203,89.2450612028186,7743.383636486563,7964.292597816237,68.44478445929413,70.44826199409009,0.0032087878308813995,110.58690779020537
2951.807228915663,79.46796335016887,77.72292173713657,6040.852563357056,56.04967785740077,78.69504162789298,80.24088507244477,77.1763835459889,78.26945992828425,5955.895473243202,6125.80965347091,57.624434490302946,59.63115170259891,0.0063228616640195155,92.6850476066928
2981.9277108433735,61.665526171848995,61.724065029937066,3809.8602038199,43.01053199703715,61.05170634132127,62.27934600237672,61.290028865344134,62.15810119453,3756.2792509225433,3863.4411567172574,43.652890351104986,45.665066683500356,0.016100839642071867,70.61257389566558
3012.0481927710844,71.62792042201801,68.41357186637661,4680.416815515878,51.098735628814964,70.94757626340746,72.30826458062856,67.93249589828244,68.89464783447079,4614.592564883083,4746.241066148673,51.12198661347718,53.13044537513186,0.0015941327314197003,83.37956282370625
3042.1686746987953,67.02287648603418,65.16175590876988,4246.054433114105,47.00729363810959,66.37487026756152,67.67088270450684,64.7035463174368,65.61996550010295,4186.338950023101,4305.76991620511,47.56799595913981,49.57817369294099,0.032148475077679865,77.50829547665307
3072.289156626506,65.90336944920976,63.07900257387585,3978.960565715036,47.93775616861398,65.27607533546377,66.53066356295575,62.63543865224765,63.522566495504044,3923.001426206909,4034.919705223163,46.968477165644394,48.97823793345105,0.02610702196933888,76.55789016509466
3102.409638554217,77.66930794970712,73.35083137449769,5380.344463329995,55.51467227349768,76.93986482470353,78.3987510747107,72.83503719431775,73.86662555467763,5304.676599461342,5456.012327198648,55.529325660554015,57.53621596379036,0.0012850793964592996,90.23123667021724
3132.530120481928,59.412140490368266,57.36159909289258,3290.3530504937353,42.03902761667345,58.84170354625382,59.982577434482714,56.95823926146993,57.76495892431524,3244.078320613249,3336.6277803742214,41.95652760849145,43.96924783427867,0.002430926897260975,68.72220332904475
3162.650602409639,51.15437222038686,50.355489190085315,2535.6752915727993,36.71309312190571,50.65360808850722,51.6551363522665,50.00139547665823,50.709582903512405,2500.0141672552895,2571.336415890309,35.92209957551858,37.93831984686694,0.00756242795513945,58.80887395375226
3192.7710843373497,47.544532340461444,47.20208770098717,2228.0370833316842,32.99344303208453,47.0751274582794,48.01393722264349,46.87016832567417,47.53400707630017,2196.702508405322,2259.3716582580464,33.210321781522566,35.22966670662653,0.03090973865111108,54.11098441578422
3222.89156626506,54.01768566200904,54.91373441176178,3015.5182270455102,36.413333361230364,53.47159170118641,54.563779622831674,54.52758766889907,55.29988115462449,2973.1087076824515,3057.927746408569,37.534564117349674,39.5510122290472,0.00841330596019887,62.03283659247031
3253.012048192771,59.25684274350732,56.935812908637665,3241.6867915673915,42.16546798541373,58.690640063667814,59.82304542334683,56.53544715419716,57.33617866307817,3196.0964921876907,3287.2770909470923,42.44532841595011,44.45797641922939,0.14011748447791111,69.48059283795035
3283.132530120482,44.39925151929001,43.599158406003305,1900.8866137117684,31.046200619744717,43.965676251508405,44.83282678707162,43.292574394000155,43.905742418006454,1874.153003903622,1927.620223519915,31.345730994230525,33.367015002397764,0.006826846287271703,51.228155642580575
3313.253012048193,44.381055324707155,43.60370704387911,1901.2832679684327,31.03075216286117,43.94743482263761,44.8146758267767,43.297091046404226,43.910323041354,1874.544079710709,1928.0224562261565,30.654572209716317,32.675872590078484,0.004657461939785488,51.03274723605182
3343.373493975904,49.76921646812056,48.423115973071,2344.7981605414834,34.681670370835306,49.28766897403055,50.25076396221057,48.082610474536565,48.76362147160543,2311.8214860514813,2377.7748350314855,35.01234085429818,37.03018335311072,0.00422928525713493,57.8221036187403
3373.4939759036147,50.3874456656012,49.444809080921374,2444.789145048765,35.65637953205716,49.89573786385797,50.87915346734443,49.0971191599464,49.792499001896346,2410.4062215248287,2479.1720685727014,35.67622106824821,37.69326180952163,0.007511760437783494,58.08489688235094
3403.6144578313256,53.10061455570989,52.21317488056617,2726.215631108586,37.22125425535924,52.581376522036,53.619852589383775,51.8460181459054,52.580331615226946,2687.874793517745,2764.556468699427,37.28431701679784,39.30015954160123,0.008618737988157028,61.11020415299217
3433.7349397590365,55.859363508938046,54.92355894129083,3016.597326777448,39.77774813356187,55.313171847307025,56.405555170569066,54.53734311352398,55.309774769057675,2974.1726312166247,3059.022022338271,39.69944349129323,41.71353385093031,0.028976694470361802,64.35485304647102
3463.8554216867474,62.95911794642501,61.23051340442688,3749.1757717697,44.960591034766495,62.35020627894488,63.56802961390514,60.79994783520807,61.66107897364569,3696.4482700546264,3801.9032734847738,45.06456663671948,47.07572295546617,0.013690900357917967,72.78163646385279
3493.975903614458,59.05474328854657,56.6528852334847,3209.5494052783893,42.14686325136411,58.49135420527641,59.61813237181673,56.2545089922579,57.05126147471151,3164.411078330451,3254.6877322263276,42.095462629535476,44.108121232296554,0.029398030112150066,68.88680201260524
3524.0963855421687,97.38717219181422,89.7548648354706,8055.935761633597,71.48892710447092,96.49459786289361,98.27974652073482,89.12371947477781,90.38601019616338,7942.639028552567,8169.232494714628,69.35124583613658,71.35409183745826,0.030070836777090285,114.53778341791539
3554.2168674698796,113.79524231154318,102.29288545573228,10463.834414859564,85.1177796875512,112.77798264816593,114.81250197492044,101.57357424953068,103.01219666193387,10316.673577213554,10610.995252505574,83.19044704279953,85.19104955958603,0.0019082215258894974,136.6013181343526
3584.3373493975905,62.370037793088066,60.42188372286057,3650.8040326188834,44.43951038030686,61.76916760722225,62.97090797895388,59.99700433982203,60.846763105899115,3599.4600072624926,3702.1480579752742,43.88820657179495,45.899626589472774,0.008852361649702344,72.25595640474693
3614.4578313253014,43.16289447994505,42.954949614978325,1845.1276964253268,29.883415028680382,42.735725597270125,43.59006336261998,42.652895601327,43.25700362862965,1819.1782665505377,1871.0771263001159,29.796165981380653,31.818730396953185,0.014258736593746404,49.48431007012745
3644.5783132530123,35.11127415057656,34.64014855103049,1199.9398916374598,24.59886462745525,34.76679246255527,35.45575583859785,34.396563213436046,34.88373388862494,1183.064227079211,1216.8155561957087,23.950994094359743,25.980933406522187,0.0007911292102666952,40.091857894940425
3674.698795180723,42.97533673847703,42.91767335266146,1841.9266860057473,29.944739130373,42.54853855253128,43.40213492442279,42.615881461181104,43.219465244141816,1816.0222743676754,1867.8310976438192,29.832376713274023,31.85487107677146,0.001624985115025688,48.627448216258685
3704.819277108434,47.156909169895485,47.44312350141473,2250.8499675704907,32.264133887927,46.68510728819473,47.62871105159624,47.109509191487554,47.77673781134191,2219.194557755062,2282.5053773859195,32.518430654675086,34.538473999164054,0.001130337316445974,53.5006012299474
3734.9397590361446,43.27467276424143,42.126113932188694,1774.6094750277425,30.050678152404117,42.85574630335286,43.69359922513,41.829888190875906,42.42233967350148,1749.6517963713632,1799.5671536841219,29.91955216465287,31.941926195941264,0.028373006761408432,50.13468394394446
3765.0602409638554,48.010308304609275,48.948533983303136,2395.9589791145822,33.160916527777744,47.52353574969671,48.49708085952184,48.60433380882896,49.29273415777731,2362.262791239966,2429.6551669891983,34.066145603737695,36.08533455031552,0.01555755809873703,54.92266309413365
3795.1807228915663,46.84986656971781,45.91183611916737,2107.8966958332812,32.97855550749106,46.39329269610441,47.30644044333121,45.58898963702272,46.23468260131202,2078.251746273532,2137.5416453930306,32.80832703808223,34.82768590668626,0.035915772320783405,54.132480729457946
3825.3012048192772,51.195794151602726,51.18754733229453,2620.1650018958926,35.664469305013284,50.686755551935,51.70483275127045,50.827602686583774,51.54749197800528,2583.315634717242,2657.014369074543,35.930409709564906,37.94744398241517,0.02432111758367157,58.584982854222254
3855.421686746988,46.56385427629582,46.33146830732782,2146.604955512922,32.56201139026611,46.103107337306774,47.02460121528487,46.00567102235772,46.65726559229792,2116.4156223465106,2176.7942886793335,32.65104253033552,34.67079677709932,0.011662112251471679,53.00782969118972
3885.542168674699,37.628665619012985,37.992337027466874,1443.4176728086306,25.94495300528193,37.25084782842772,38.006483409598246,37.725179505691116,38.25949454924263,1423.1177955951757,1463.7175500220856,25.919051484454624,27.946821682330874,0.007214166572904757,42.876481755589566
3915.66265060241,37.27699966313571,36.081091060870975,1301.8451321428633,26.52750345008821,36.91818840873279,37.635810917538635,35.82737318971662,36.33480893202533,1283.536296917082,1320.1539673686448,25.665937962666707,27.692838932846513,0.02370390283977458,42.92726331138665
3945.783132530121,36.407665685161305,35.90961741781706,1289.5006230939905,25.490411571388353,36.05055966391936,36.76477170640325,35.657105328594334,36.162129507039786,1271.365398059267,1307.635848128714,25.053679283297022,27.082155826262834,0.008989564678588441,41.56826119127138
3975.9036144578317,33.7621165919234,33.36757880100836,1113.3953150415025,23.331718839619423,33.43029007410055,34.093943109746256,33.132942020078296,33.60221558193842,1097.7367924869052,1129.0538375960998,22.865838130499185,24.898052871195127,0.0050251604606131725,38.558614538527
4006.024096385542,30.56232606906753,30.07260771995851,904.361735078508,21.52721154583928,30.26326665090966,30.8613854872254,29.861140777401374,30.284074662515643,891.6430102599886,917.0804598970274,20.607789520597567,22.64371755094218,0.03759516352667347,34.94181351364036
4036.144578313253,33.32912754641728,33.38766257986538,1114.7360125469427,23.147857166028004,32.99710130387234,33.661153788962224,33.15288457222996,33.6224405875008,1099.0586347467338,1130.4133903471516,23.070168496517187,25.10273453533151,0.0024411551889195185,38.43708163354392
4066.265060240964,39.169320081384285,38.825477006063856,1507.4176647483935,27.32190249456191,38.78321706460369,39.55542309816488,38.55246094466172,39.098493067465995,1486.2177071198837,1528.6176223769032,27.3045068130968,29.330283276930448,0.0028744210066162625,45.17653453398839
4096.385542168675,35.68886347087423,35.12150338386741,1233.5199999430101,24.778465752026825,35.339594911771584,36.03813202997688,34.874533217270674,35.36847355046415,1216.1720728593268,1250.8679270266935,24.766294364714174,26.79593036902711,0.002336323133136011,41.03903649615067
4126.506024096386,30.530637476645545,30.33658368215315,920.3083095042808,21.6876203971636,30.22895292872185,30.83232202456924,30.123260492537106,30.549906871769196,907.365315918019,933.2513030905427,20.816666726796118,22.852239079157062,0.027143892291401635,34.607090203210326
4156.626506024097,29.93166387276565,29.14982414789685,849.7122478533104,20.89994141024591,29.64178114858511,30.22154659694619,28.94484610787996,29.35480218791374,837.7621002119646,861.6623954946562,20.46561648976092,22.50298902971955,0.008654700059736904,34.50427120207981
4186.746987951808,32.14147370297399,31.650415378615772,1001.7487936389178,22.588638092056804,31.826723652172713,32.45622375377527,31.427853483315378,31.872977273916167,987.660440771499,1015.8371465063367,22.092575465376907,24.126245887950777,0.01145414380010205,36.77353789302995
4216.8674698795185,31.009164079322375,30.910458806466764,955.4564636262786,21.53438658785822,30.70177258498516,31.31655557365959,30.693100196341856,31.12781741659167,942.0191548972849,968.8937723552723,20.883899060209313,22.919811065392107,0.00022082675502774869,35.22293207662131
4246.987951807229,28.000712607860773,27.897117328225075,778.2491552247557,19.382031855702817,27.723287525401965,28.278137690319582,27.700948171147214,28.093286485302936,767.3040472423955,789.1942632071158,19.106280957274105,21.147545698966116,0.0019721736550624754,32.21292652357735
4277.10843373494,27.23736620577619,27.06542324377143,732.5371353644829,19.222159143099475,26.96821197070442,27.50652044084796,26.875102458967103,27.25574402857576,722.2349101788512,742.8393605501145,18.572490653916795,20.614202033079025,0.0025590414400316597,31.205316195869077
4307.228915662651,26.673629261435085,26.08506890322833,680.4308196861696,18.927079410423374,26.414224237386236,26.933034285483934,25.90164185164953,26.26849595480713,670.8614051278714,690.0002342444677,18.283500305747406,20.32605637961748,0.002707227206927666,30.466120798277124
4337.349397590362,27.22795099713508,27.839881915545078,775.0590250714938,18.517224800153627,26.951095096749654,27.504806897520503,27.64411523097104,28.03564860011912,764.1587823084157,785.959267834572,18.353189852065555,20.396965021627928,0.02076835456661939,30.765835354650957
4367.469879518073,29.84964136760604,30.009553946691227,900.573328079371,20.66383659593471,29.551208992667085,30.148073742544995,29.798530390646285,30.22057750273617,887.9078825010645,913.2387736576775,20.15552881993194,22.193468331043935,0.004389519226818254,33.81320589770215
4397.590361445783,29.479260556622116,29.09411223747838,846.4673668869892,20.330746008851115,29.189931863926617,29.768589249317614,28.889525956881556,29.298698518075206,834.5628544671247,858.3718793068538,20.158099243935318,22.196861557472722,0.0426868290737438,33.771568683061794
4427.710843373494,28.970179186097713,28.87949562243324,834.0252674061406,20.19036088963893,28.68298476524921,29.257373606946217,28.67641849993232,29.082572744934158,822.2957376655773,845.7547971467039,19.568682291558815,21.607799715039413,0.0011718951515236103,33.10418931961496
4457.831325301205,26.131079534206783,26.86602741807933,721.7834292289904,17.85309285283475,25.8639082066424,26.398250861771167,26.67710876061994,27.05494607553872,711.632441566809,731.9344168911717,17.825409670391963,19.87128237103098,0.0014228382527617057,29.790442264604906
4487.951807228916,24.17984213412042,23.945879109674035,573.4051263351233,17.0011425561746,23.94171045161039,24.41797381663045,23.77749458215583,24.11426363719224,565.3408952553423,581.4693574149044,16.506281910878332,18.5550921913152,0.008933144299048266,27.705565637102318
4518.0722891566265,24.34439085621697,24.506315069113395,600.5594782666542,16.889703459917452,24.100685874127954,24.58809583830599,24.333989623669304,24.678640514557486,592.1133549456978,609.0056015876106,16.357445140737067,18.40666222312377,4.886230148893268e-05,27.448682579029594
4548.192771084337,23.913968570210795,23.65633737631993,559.6222980622713,16.466052799400877,23.678716258293285,24.149220882128304,23.489988871273244,23.822685881366613,551.7519053474097,567.4926907771329,15.920912127068878,17.97172747103615,0.0011148756130379012,27.319686765627885
4578.313253012048,23.791682093635323,23.94509267639223,573.3674632810126,16.53985484739565,23.55355823187306,24.02980595539759,23.776713678977803,24.113471673806654,565.3037618853199,581.4311646767055,16.188610039795837,18.239140895358336,0.008411304287551893,27.130241874191476
4608.433734939759,22.766933838603542,22.674696912710093,514.1418800832646,15.884184429247,22.54144352766118,22.992424149545908,22.515251184750884,22.834142640669302,506.9111129722616,521.3726471942675,14.86805774524658,16.921211481961247,0.014984463549406708,25.698099965326925
4638.55421686747,22.087704364333085,22.358656078933976,499.90950165605125,15.155033309537643,21.86535694637637,22.3100517822898,22.201432711917462,22.51587944595049,492.8788952746628,506.9401080374397,14.723023899504815,16.779369596216558,8.410562335997785e-05,25.165562990706693
4668.674698795181,22.886601833563603,22.505010590302387,506.4755016696226,16.207659275117855,22.662798981631152,23.110404685496054,22.346758076052062,22.663263104552712,499.35255265133145,513.5984506879137,15.366165172690101,17.417997589912737,0.01779089141582194,26.193232167487114
4698.795180722892,25.1707540258975,24.99002869725374,624.5015342895655,17.4435736293372,24.922238715501283,25.41926933629372,24.814301836043896,25.165755558463587,615.7186956805407,633.2843728985903,17.00530590839352,19.052553838807324,0.013469260087641072,29.144702095998635
4728.915662650603,25.239078099416876,25.0036346845727,625.1817474395668,17.65379484626431,24.990427483207174,25.487728715626577,24.827812147704606,25.179457221440792,616.3893424772376,633.974152401896,16.927017748951208,18.97355153294009,0.017564774152574437,28.67474874893881
4759.036144578314,22.440307160337632,23.06622266566345,532.0506280619662,14.988148119931232,22.210923290680228,22.669691029995036,22.904023775933886,23.228421555393012,524.5679966487153,539.5332594752172,14.782082291384006,16.839203650032378,0.020538714575233784,25.363390975588107
4789.156626506025,19.895123889963394,19.138357570201993,366.276730484908,14.150584171681146,19.70480098438965,20.085446795537138,19.003778953055672,19.272936187348314,361.12550309240874,371.42795787740727,13.28768327504728,15.348983397677918,0.015307945806343272,23.02568229765494
4819.2771084337355,20.85006411738675,20.84241850129335,434.4064089830552,14.357862525570834,20.64279504354907,21.05733319122443,20.69585713365247,20.988979868934226,428.297022262069,440.5157957040414,13.80484697964755,15.865066011610619,0.002576815142685143,23.621576387766797
4849.397590361446,22.408269494641434,22.099484762026634,488.38722674704735,15.670327186132658,22.18849942627672,22.628039563006148,21.944083856384115,22.254885667669154,481.51866685454337,495.25578663955133,15.163639881649416,17.2176980637972,0.007214966446618353,25.48909354273948
4879.518072289157,24.221966564323985,24.173551828974308,584.3606080281071,16.705255567778128,23.981570772508956,24.462362356139014,24.00356633441319,24.343537323535426,576.1423017022131,592.5789143540011,16.02814631361403,18.078048987422378,0.026215384805084254,27.460931802866316
4909.638554216867,26.267288911973445,26.28025532004422,690.6518196867125,18.26843122722798,26.005942841215614,26.528634982731276,26.0954557411749,26.46505489891354,680.9386594552677,700.3649799181574,17.83442010362598,19.878962695784615,0.0011721991007521138,30.20074482377236
4939.759036144578,25.471052558201084,25.62022690859034,656.3960268476565,17.63917015946849,25.21627019201238,25.725834924389787,25.440068569731555,25.800385247449125,647.1646318055829,665.62742188973,17.229371204696957,19.275954104292733,0.007171588477984638,28.95558642005877
4969.879518072289,21.78455781218913,21.07412696500788,444.11882733727225,15.307188931613425,21.574984495267977,21.994131129110286,20.925936251457177,21.222317678558586,437.87284751246693,450.36480716207757,14.49071503959667,16.546368745319313,0.02625247382963939,24.991772116003588
5000.0,20.083866189877394,20.478831816222876,419.38255255714233,13.93678950077641,19.880212832491697,20.28751954726309,20.33482714620404,20.62283648624171,413.4844577210096,425.28064739327505,13.452932356398499,15.515382425451687,0.000525183607792377,22.877671951037637
5030.120481927711,20.126582174882113,19.837033879058747,393.50791311892453,14.146763183526513,19.929311227676823,20.323853122087403,19.697542254558794,19.9765255035587,387.9737129568235,399.0421132810256,13.146663184843256,15.207983544029965,0.001796770072158736,22.842825111350606
5060.240963855422,18.82380866710215,18.452928346195552,340.51056454982734,13.207010098464544,18.64030206648036,19.00731526772394,18.323169584503393,18.58268710788771,335.7217062862344,345.2994228134203,12.393936507402664,14.460602675455778,0.017277883034781977,21.495354711829183
5090.361445783133,18.597322605500352,18.646413026131864,347.6887187411,12.888672962330528,18.411891881226133,18.78275332977457,18.51529370355723,18.777532348706497,342.79890865223354,352.57852882996644,12.21596536165136,14.284625849351837,0.0013176547391999752,21.209830051169025
5120.481927710844,19.268196204247722,19.46239486988387,378.78481407128197,13.200084153516592,19.07465088420275,19.461741524292695,19.32553766161315,19.59925207815459,373.4576760149726,384.11195212759134,12.54479476830915,14.611503264678788,0.009028603969815875,21.722428434493434
5150.6024096385545,19.612897410404326,19.073094846017977,363.78294700519757,13.856247190101524,19.423223515136026,19.802571305672625,18.938975148459697,19.207214543576256,358.6667915807009,368.89910242969427,12.984173803358143,15.047066614991856,0.002599829991092105,22.641516758372095
5180.722891566265,19.931810925202292,19.467789747968716,378.9948376711159,14.155651420114033,19.738211955366918,20.125409895037667,19.330894603567394,19.604684892370038,373.66474589367033,384.3249294485614,13.239900717190684,15.301174020305245,0.008814899615069632,22.84613776415327
5210.843373493976,21.29033927064447,21.307871594455037,454.0253918857838,14.684751767619968,21.0784414618292,21.50223707945974,21.158037216923187,21.457705971986886,447.64008853201636,460.4106952395512,13.956939453653044,16.01551762322061,0.0016790689774210518,24.228524945333774
5240.963855421687,21.900061033295025,21.73756800824071,472.52186291288996,15.427803186430701,21.683890074618994,22.116231991971055,21.584712057465293,21.89042395901613,465.8764296620001,479.1672961637799,14.884814044079437,16.939929211582996,0.0008480075806101453,25.10111506749998
5271.084337349398,21.322306144456064,21.642851320199586,468.41301326826493,14.490848823353108,21.107077103350974,21.537535185561154,21.4906614057259,21.795041234673274,461.8253658854891,475.0006606510408,14.090913874722172,16.150456131867504,1.802768224662556e-05,24.21765065460047
5301.204819277109,20.99367195889131,20.925269528254532,437.86690483009767,14.561339940439382,20.785578966484692,21.201764951297925,20.778125562206412,21.07241349430265,431.7088505320712,444.0249591281241,14.075853586162502,16.135042290742316,0.002529036001128942,23.956758483333385
5331.32530120482,20.39649113459498,20.492781840160767,419.95410754842294,13.96558965387408,20.192699050096525,20.600283219093438,20.348679075259767,20.636884605061766,414.04797450106264,425.8602405957833,13.407963932374294,15.470256969213612,0.015577082917886911,23.201945636566435
5361.445783132531,20.685529271358057,20.960615073582463,439.34738426289243,14.386413796798319,20.477084782389564,20.89397376032655,20.813222561931877,21.10800758523305,433.16850886001953,445.52625966576534,13.633214543887023,15.693287186287602,0.002411070769034466,23.42286610893942
5391.566265060242,21.539997327974703,21.364271770860395,456.4321082991823,15.156472555805923,21.327538643159027,21.75245601279038,21.214040794105255,21.514502747615534,450.012957467585,462.85125913077957,14.490031273729878,16.54637035768463,0.029597507079178582,24.446240536223808
5421.686746987952,22.328372089642695,21.80056452590559,475.2646136481732,15.841977288576839,22.111574657130596,22.545169522154794,21.64726559123245,21.953863460578727,468.5806070139846,481.94862028236184,15.287727861045237,17.34105810654466,0.012569926421127057,25.700353446801056
5451.807228915663,22.223941676837537,22.025420623734355,485.1191536524227,15.667001116905226,22.004908145134703,22.44297520854037,21.870540528160042,22.18030071930867,478.29655514988593,491.9417521549595,14.924743181908335,16.978815631752106,0.0014159868273240482,25.397364874698013
5481.9277108433735,21.248729280798035,21.03097301456974,442.3018259395606,14.902029223229498,21.03958511173893,21.45787344985714,20.88308575438242,21.178860274757056,436.0813999831643,448.5222518959569,14.147322798626037,16.204851445690128,0.0035044450342468477,24.472509006858484
5512.048192771084,19.8160834893358,20.209102118024134,408.40780841672756,13.726791351505998,19.615112480197197,20.0170544984744,20.066994154640327,20.35121008140794,402.66405972911195,414.15155710434317,13.237960443272717,15.301576149316272,0.009964528072910062,22.57187193257
5542.168674698795,18.916856259701397,18.814230694364834,353.9752766207798,13.364497956286336,18.729756659396017,19.103955860006778,18.681931298231607,18.94653009049806,348.9970539016284,358.9534993399312,12.552671004456771,14.618386948426329,0.0027455152389860107,21.474014964871486
5572.289156626506,19.15673118030012,19.10918097607947,365.1607975765576,13.249612086036901,18.96669842366668,19.346763936933563,18.97480752521639,19.243554426942552,360.0252643947118,370.2963307584034,12.67403611985649,14.740442932396697,0.0013563536781823213,21.930637149374256
5602.409638554217,19.580427755251517,19.24672185672999,370.43630223032795,13.934506513984822,19.38902721248781,19.771828298015222,19.11138123501899,19.382062478440993,365.22657562635084,375.6460288343051,13.059827673639528,15.122290219367276,0.011975207281369468,22.301656083404655
5632.530120481928,19.945395454453664,20.031135375604197,401.24638443578186,13.974385266427607,19.74619424961455,20.144596659292777,19.89027885284193,20.171991898366464,395.60335228380615,406.8894165877576,13.390169991775682,15.45241520424954,0.007130931375428042,22.623650199578
5662.650602409639,19.804398289593852,19.59007570747452,383.77106622458325,13.882802309212819,19.609583237394112,19.999213341793592,19.45232066298687,19.727830751962166,378.3738027233842,389.1683297257823,13.182021911436703,15.244768161498534,0.013657208527880346,22.816697876287638
5692.77108433735,19.687611740224938,20.03585279398966,401.43539718242323,13.26778558525232,19.488363622646805,19.88685985780307,19.894963098911507,20.17674248906781,395.7897068008714,407.0810875639751,13.029535879321156,15.095832579289393,0.0026804065155508123,22.425206977717703
5722.891566265061,20.117384579796898,20.547104003488336,422.18348293016635,13.693677844248622,19.9130522842629,20.321716875330896,20.402619251700834,20.691588755275838,416.24599648637434,428.12096937395836,12.87459193062058,14.938394819151439,0.003433518364105205,22.302598308376098
5753.0120481927715,19.914008776876997,19.676907435625274,387.1806862301652,14.001298354802561,19.718330219711536,20.10968733404246,19.538541800920775,19.815273070329773,381.7354706574613,392.62590180286907,13.286055470210506,15.34815473440609,0.0016728899136381071,22.857576995293883
5783.132530120482,19.917613114703393,20.283260574356373,411.4106595272396,13.679989477657509,19.71590463094973,20.119321598457056,20.140631137671303,20.425890011041446,405.62467946752565,417.19663958695355,12.897194509910502,14.961075049550399,0.010274591644197605,22.289826558237458
5813.253012048193,19.223327598237542,19.260328925622908,370.9602703231865,13.172097933084089,19.031791738904555,19.41486345757053,19.12489262064816,19.395765230597654,365.7431747586173,376.1773658877557,12.822937540891315,14.889817546769214,0.002542579582185669,22.102876806390007
5843.373493975904,19.16655290776987,18.99535204361417,360.82339926083694,13.166225127102745,18.977652131928703,19.355453683611035,18.86177902404548,19.12892506318286,355.74886620036534,365.89793232130853,12.574715391201782,14.641631483700598,0.0020889638333758164,21.894563521124503
5873.493975903615,20.027315852749172,19.558729309325102,382.5438921954528,14.020253853740304,19.832812527276932,20.221819178221413,19.421194688920348,19.696263929729856,377.16388737313804,387.9238970177676,13.388002962975067,15.449999780479017,0.00014257827657752006,23.060001119080916
5903.614457831326,20.56278182247579,20.724309166050592,429.4969904100486,13.981352151046739,20.35668729623324,20.768876348718344,20.578578328979056,20.870040003122128,423.4566485650529,435.53733225504436,13.7482519242347,15.810459299877174,0.006074414773580765,23.592264609419267
5933.734939759036,21.175190416040376,20.838756090104326,434.2537553828601,14.826407988938008,20.96795776333948,21.38242306874127,20.692220476096246,20.985291704112406,428.146515545204,440.3609952205162,14.01632911326178,16.074219431281623,0.0020771530905500215,24.318536589101946
5963.855421686747,21.213000254768325,21.234401749575557,450.8998176623775,14.658793324699337,21.00183307261724,21.424167436919408,21.08508400311247,21.383719496038644,444.5584716289006,457.24116369585437,13.986250274388377,16.044955981726893,0.004494331820082722,24.080750246583598
5993.975903614458,20.904338140903732,21.013295050609432,441.5585688839668,14.23819613558478,20.695369771750823,21.113306510056642,20.865532099727915,21.16105800149095,435.34859591512276,447.76854185281087,13.733606576507988,15.794445774062842,0.002936097433069043,23.927709507073985
6024.096385542169,19.959881874548472,19.962636088222794,398.50683959081505,13.790044828287016,19.761361866272665,20.15840188282428,19.822261244169763,20.103010932275826,392.9023357352716,404.1113434463585,13.23759272791955,15.300853464591814,0.0016672601904025755,22.729739862903262
6054.21686746988,19.118315307571258,18.567694063602513,344.75926283954,13.755474721651478,18.933667410225492,19.302963204917024,18.437128283257486,18.69825984394754,339.910651910296,349.607873768784,12.61660042269418,14.680054742939687,0.014426256020845227,21.969043064984067
6084.3373493975905,19.35746004724574,19.49815338110186,380.1779852729739,13.325335803108112,19.163559123867046,19.551360970624437,19.361044723302452,19.63526203890127,374.8312539936741,385.5247165522737,12.685818624464568,14.751768683669559,0.0008284665621783076,22.024810894072964
6114.457831325301,19.059376240830236,19.361586052161172,374.87101445524206,13.005619739834493,18.86683342202008,19.251919059640393,19.22543771931174,19.497734385010606,369.59891913059687,380.1431097798873,12.65148248775978,14.719398557294502,0.007657372793353727,21.59523720670756
6144.578313253012,18.4985216166357,18.621956891652108,346.7772784745494,12.872963863208149,18.313334098318744,18.683709134952654,18.49100954165908,18.752904241645137,341.9002866612569,351.6542702878419,12.243425461955221,14.312187014458393,0.0010442827990339695,21.0539119935055
6174.698795180723,18.31919505472152,18.394347711850422,338.35202774445685,12.701848849827396,18.13627101383601,18.50211909560703,18.26500088209823,18.523694541602612,333.59352662068227,343.1105288682314,12.182149067323328,14.252028304230224,0.006889774119073361,20.902135873908083
6204.819277108434,18.677258865708474,18.818206211526498,354.1248850195344,13.037335721173832,18.490119730559282,18.864398000857665,18.685878860037118,18.950533563015878,349.14455824402984,359.105211795039,12.469396976257261,14.537113547486495,0.006774146613068142,21.298875050393292
6234.939759036145,19.791299988685264,19.58470437522813,383.56064546507986,13.93542552986305,19.596538352122483,19.986061625248045,19.446987101299598,19.722421649156665,378.1663412705746,388.9549496595851,12.953590885219912,15.016048407956019,0.019105041025691553,22.426139862082046
6265.060240963856,19.755952595726498,19.772533056604544,390.95306347451947,13.589750403604636,19.55932308203484,19.952582109418156,19.63349499409176,19.91157111911733,385.4547941001989,396.45133284884,13.25519297471549,15.319589476040377,0.003519744191431749,22.608795966232204
6295.180722891567,19.107881689768504,18.88358946378112,356.58995103662534,13.159889261135895,18.920092345712966,19.295671033824043,18.750802345164878,19.016376582397367,351.5749561685702,361.60494590468045,12.443277603170396,14.510232665108061,0.0014423496109113405,22.04301739333244
6325.301204819278,18.156516526793876,17.757072387449735,315.31361977312986,12.766434691781708,17.97992992060962,18.33310313297813,17.63220680075013,17.88193797414934,310.8791252496773,319.7481142965824,12.192349523445033,14.261803245943641,0.0017836614678976498,20.853455556514444
6355.421686746989,17.61861755961046,17.58488365150548,309.2281330369846,12.288715953869112,17.4437432978848,17.79349182133612,17.461228875184275,17.708538427826685,304.87922332786195,313.5770427461073,11.508989619707554,13.581700725563103,0.001666245859756202,20.0305183976904
6385.5421686746995,17.890843130790312,18.026287416291655,324.9470380147549,12.364374264742207,17.711579294528953,18.07010696705167,17.899528742049732,18.15304609053358,320.377061425969,329.5170146035409,11.53993824039707,13.61211602550334,0.008105678516445019,20.07965886762769
6415.66265060241,18.33962884147444,18.525521344631393,343.1949410903934,12.76325388217,18.15540033405705,18.52385734889183,18.39525211774868,18.655790571514107,338.3683304040647,348.0215517767221,12.143342941036575,14.212817515170595,6.34128813317371e-05,20.830218495999677
6445.78313253012,19.679724083684913,19.429437690978887,377.503048987631,13.727405740071308,19.48650650890365,19.87294165846618,19.292812233606636,19.56606314835114,372.19393736559965,382.8121606096624,12.975617635077963,15.039229876970417,0.010330610929256974,22.52325255350778
6475.903614457831,21.156553320128726,21.124161941906067,446.2302177478727,14.748661513298643,20.94648242643545,21.366624213822007,20.97561938844563,21.272704495366504,439.9545438387477,452.5058916569977,14.369611778406192,16.42787792625829,0.0031019614254756546,24.189698854838802
6506.024096385542,20.047280808584794,20.35836251155616,414.46292415193517,13.598808658124225,19.844825467696204,20.249736149473385,20.215204967126404,20.501520055985914,408.6340177804048,420.29183052346553,13.273045860635907,15.33739024914259,0.002044037645505546,22.865010938928712
6536.144578313253,18.609982919673435,18.879025849292365,356.41761701824936,12.68886964905386,18.42223895884194,18.79772688050493,18.746270821461593,19.011780877123137,351.40504581416803,361.4301882223307,12.345371967205981,14.415337258446506,0.0031715942659507946,21.33420672328475
6566.265060240964,17.865213344540113,17.904362511855634,320.56619695594145,12.361183376887455,17.687162000102514,18.043264688977715,17.778461198804425,18.030263824906843,316.0578314567665,325.0745624551164,11.712610362506434,13.784810503355649,0.0021769259037654814,20.20005058489866
6596.385542168675,17.916269667286098,17.90299955715323,320.51739314342876,12.305510290795988,17.73823187685898,18.094307457713217,17.777107828234744,18.028891286071715,316.009714009275,325.0250722775825,11.736391689796843,13.808983822520577,0.005807539031444239,20.647060162253332
6626.506024096386,17.56941310767845,17.316207732698228,299.85105024195786,12.36109514354534,17.397210714807656,17.741615500549244,17.194442252962737,17.437973212433718,295.6340175584151,304.0680829255006,11.665795007488729,13.737995766681756,0.0007023116609395756,20.05493250683614
6656.626506024097,17.40058700047968,17.447164047387318,304.40353329644466,12.09821089456727,17.227082302213898,17.57409169874546,17.324477698675857,17.56985039609878,300.12247559175705,308.6845910011323,11.274307213915005,13.348391934666115,4.265370404583451e-05,19.778707701115046
6686.746987951808,17.58257909520745,17.600964804413223,309.79396204619303,12.287458967970064,17.40754491318899,17.75761327722591,17.47719694736853,17.724732661457917,305.4370946546704,314.1508294377157,11.630822789467313,13.703542813563562,0.0019421163865892307,19.975482269016812
6716.8674698795185,17.563831149525416,17.48815367157254,305.8355188405361,12.50595470697361,17.389918826710627,17.737743472340206,17.365179088778298,17.611128254366783,301.5343220373297,310.13671564374255,11.55823910507522,13.629436889698233,0.0047616720068409,19.991633778052687
6746.987951807229,17.549665727680626,17.16528989664695,294.64717723592986,12.377450946939366,17.37896414912761,17.72036730623364,17.044585652892867,17.285994140401034,290.5033305643411,298.79102390751865,11.561044423014037,13.633130716457462,0.0023505373447807194,20.07588154782162
6777.10843373494,17.558624163114082,17.747104732905644,314.95972640072193,12.061013280832068,17.38213668105621,17.735111645171955,17.622309237547984,17.871900228263303,310.5302089481075,319.3892438533364,11.578337500607773,13.65269569816838,0.0009042749030933942,19.975010130397358
6807.228915662651,17.479479260320982,17.417325081880005,303.3632130078864,12.127669842354965,17.306271297999956,17.652687222642008,17.294848557167303,17.539801606592707,299.09678611624634,307.6296398995264,11.455940169952498,13.529809546636997,0.00924125622031525,20.00954804206491
6837.349397590362,17.354638639338674,17.5033700409187,306.36796278933025,11.997222813020343,17.180574996139384,17.528702282537964,17.380288458454444,17.626451623382955,302.0592778231429,310.6766477555176,11.382933211134798,13.457764503816257,0.004921958239906408,19.890717146153143
6867.469879518073,16.84663161509049,17.031956028302076,290.08752615001544,11.533332794695234,16.67725598570222,17.01600724447876,16.912189372193893,17.15172268441026,286.0078053090327,294.1672469909982,11.017137952273924,13.09557367928386,0.005332894872114773,19.140405659571652
6897.590361445784,16.79050392470063,16.534323195698324,273.3838435398077,12.045437256894083,16.62607704424563,16.95493080515563,16.418055833519244,16.650590557877404,269.53903925304724,277.22864782656814,10.931816448450597,13.006289682875337,0.00021507969376637572,19.253984683172668
6927.710843373495,17.20520278425323,17.298064441914075,299.2230334366121,11.870525257727094,17.033180818767914,17.37722474973855,17.176426543606368,17.419702340221782,295.0148330296007,303.43123384362354,11.221496507753363,13.297283135069256,0.00121657828436906,19.465560069563377
6957.831325301205,18.000396560756613,18.023296150248175,324.83920411955063,12.368771636394658,17.82116247137623,18.179630650136996,17.89655851022751,18.15003379026884,320.27074408059866,329.4076641585026,11.87346681604348,13.945613812280653,0.0030704641274631327,20.676987215289408
6987.951807228916,18.80405114656965,18.996336930703972,360.8608167848276,12.848127368214097,18.615140576441178,18.99296171669812,18.862756985528314,19.12991687587963,355.785757493344,365.93587607631116,12.381697438325247,14.450619300259223,0.001513114360317819,21.302076597095684
7018.0722891566265,18.082246630013973,17.68300072233641,312.6885145461499,12.682491508363427,17.90639663534266,18.258096624685287,17.558655998632705,17.807345446040113,308.29093886800734,317.08609022429255,12.002977359048854,14.072985005479582,0.002233211052249842,20.97707531064918
7048.192771084337,17.335086484213996,17.531510892988372,307.3538741909699,11.986506621968307,17.160742992092896,17.509429976335095,17.4082314274538,17.654790358522945,303.03132360516764,311.6764247767722,11.386692511619064,13.461603793811893,0.004443328693401929,19.700255566291602
7078.313253012048,16.321438905351904,16.368386458985622,267.92407527070384,11.266246507046851,16.158662195856284,16.484215614847525,16.253285943882037,16.483486974089207,264.1560558450162,271.69209469639145,10.657830341513128,12.73848179079815,0.005204028701122,18.602122438741763
7108.433734939759,16.338298830379884,16.577517784788103,274.8140959049658,11.22060048574807,16.17344239792856,16.503155262831207,16.46094668347955,16.694088886096658,270.94917689469605,278.6790149152356,10.683472036363549,12.764513171460669,0.0068752697806604415,18.54419879221573
7138.55421686747,16.57539490921325,16.70967663763669,279.21329333438143,11.665283369952322,16.409224212631415,16.74156560579509,16.592176211249182,16.827177064024198,275.286505074942,283.14008159382087,10.906150268024664,12.983530347684624,0.0027339170101126986,18.91454214736399
7168.674698795181,16.382732475564985,16.26980561358846,264.7065747039545,11.437910764358932,16.220936111057753,16.544528840072218,16.155398307074066,16.384212920102854,260.9838054284276,268.4293439794814,10.660363829164389,12.739578783339006,0.0039301892923868514,18.623308111575167
7198.795180722892,16.349302759113105,16.297250395876578,265.60037046589923,11.364375904025744,16.187233467804877,16.511372050421333,16.18265010097043,16.411850690782725,261.86503106284573,269.33570986895273,10.454738530263144,12.534563287572768,0.0020951454029462854,18.432268538202464
7228.915662650603,16.578701214027067,16.627022365103095,276.4578727296385,11.625358751564209,16.41335247937425,16.744049948679883,16.510103153569474,16.743941576636715,272.569836039479,280.345909419798,10.876106810879465,12.953803666393739,0.004626891085542786,18.9469886036871
7259.036144578314,16.368744889044475,16.554940608828723,274.0660585618464,11.120856051541502,16.204112977099285,16.533376800989664,16.438528267492572,16.671352950164874,270.211659767937,277.92045735575573,10.543643099356569,12.625547383629259,0.0034980190076071152,18.592518253005437
7289.156626506025,16.200232712717913,16.48553767639694,271.77295247990304,11.24852372004926,16.03629098370547,16.364174441730356,16.369613368092796,16.601461984701086,267.95080337558653,275.59510158421955,10.604956057760557,12.685758416912968,2.4907007752647493e-05,18.470843228194937
7319.2771084337355,15.880632057653257,15.835443122102063,250.76125887332955,11.12195566830215,15.723155245184316,16.038108870122198,15.724090200125634,15.946796044078493,247.2346131484543,254.28790459820482,10.353031501585262,12.434926182126913,0.0011909755854632193,18.05433769090402
7349.397590361446,16.656533332869977,16.75528116134689,280.739446795786,11.809572487871574,16.489909118507004,16.82315754723295,16.63746004946095,16.873102273232828,276.7911950830032,284.6876985085689,11.062221155321158,13.1384749867836,1.5951489307434563e-05,19.02355238176699
7379.518072289157,16.964506902435282,16.703558682291284,279.0088726527485,11.988684852936887,16.798397046342668,17.130616758527896,16.586101276626277,16.82101608795629,275.0849593163582,282.9327859891388,11.257776342629306,13.332671353672822,0.021585318320537634,19.457131269090567
7409.638554216868,16.46358260077881,16.26530355575137,264.5600997607382,11.626302134426847,16.301831007340645,16.625334194216975,16.150927907163513,16.379679204339226,260.83939047340334,268.280809048073,10.66252387167803,12.740213215918828,0.009659735278873172,18.6371453650238
7439.759036144579,16.282093538016188,16.369288900653054,267.95361911304326,11.363355027220525,16.119307854118265,16.44487922191411,16.254182039688743,16.484395761617364,264.185184189899,271.7220540361875,10.625695311467474,12.705528592527816,0.0015952641950354894,18.506758138391053
7469.879518072289,15.989599637839628,16.041137260922348,257.31808462375136,10.893679975007181,15.830077283791889,16.149121991887366,15.92833792262435,16.153936599220344,253.69922528659256,260.9369439609102,10.185522251541148,12.269454053538905,0.02339816964200254,18.106886485942713
7500.0,16.195981770046533,16.4881148586057,271.85793159057414,11.294372684252235,16.03201441204245,16.359949128050616,16.37217242786777,16.604057289343633,268.0345873605883,275.68127582055996,10.509024722552782,12.589437690884575,0.0036272055213681285,18.422610304031373
7530.120481927711,16.366454284706656,16.334557488243664,266.8177683367372,11.223143726605368,16.20401399007739,16.528894579335923,16.21969485437337,16.44942012211396,263.0653077443263,270.5702289291481,10.552178689464055,12.633198025604667,0.00018028467179473305,18.730101129099932
7560.240963855422,16.203619841423254,16.491969025022133,271.9850423222895,10.971989956781584,16.039614155357413,16.367625527489096,16.37599949225182,16.607938557792444,268.159910437701,275.81017420687795,10.443865521305167,12.527088514856976,0.005712460370961112,18.33433562584
7590.361445783133,15.919511690822102,16.050370897846634,257.6144059584422,10.83511309454812,15.759897512144061,16.079125869500142,15.93750662972987,16.163235165963396,253.99137922966608,261.2374326872183,10.352945923205427,12.437414828998895,0.0006651290477440538,18.051781083616728
7620.481927710844,16.231306862468028,16.516909988155344,272.80831555682573,11.217715168329853,16.06705314902816,16.395560575907897,16.40076507354694,16.63305490276375,268.9716053564877,276.64502575716375,10.781166475459004,12.862232354049302,0.00103255453118651,18.610125560264287
7650.6024096385545,16.54654358878299,16.551563209353144,273.95424467321254,11.49429092363324,16.38194526365313,16.711141913912847,16.435174617481874,16.667951801224415,270.10141840280266,277.8070709436224,10.852906441022757,12.931659358526321,0.0062462722751707635,18.963249449807222
7680.722891566265,16.94679243913347,16.712933953665708,279.322161339592,11.796831728664749,16.7805893499156,17.11299552835134,16.5954106222256,16.830457285105815,275.3938419868455,283.25048069233856,10.820145127399261,12.896497252205261,0.041212056578689864,19.267866542674554
7710.843373493976,16.63989140809729,16.464346197892656,271.0746957240624,11.76384649626717,16.476160419413404,16.80362239678118,16.3485709055039,16.58012149028141,267.26236673396096,274.88702471416383,10.845385166354582,12.921992798042337,0.008676927400781943,18.91059037080208
7740.963855421687,16.660182560435675,16.18022356046734,261.7996344667024,11.854122777378667,16.499277051717645,16.821088069153706,16.06644618412255,16.29400093681213,258.11774769593814,265.48152123746667,10.82431213798981,12.900223998768524,0.00020356661849990377,19.04377430270582
7771.084337349398,16.624850577837556,16.657239441551134,277.46362581316674,11.481487548413597,16.459201347085926,16.790499808589185,16.540107747188323,16.774371135913945,273.56144445477486,281.36580717155863,10.844690875100587,12.923548301489118,0.008531245705247626,18.83588989870127
7801.204819277109,16.437761726483384,16.35098582117526,267.35473732427437,11.507321880988172,16.275158059002198,16.60036539396457,16.23600766525351,16.46596397709701,263.59472492983156,271.1147497187172,10.51873878856857,12.597385588393319,0.0005945892653041531,18.69460971934134
7831.32530120482,15.881133382132713,15.879120938180792,252.14648176937163,10.915833444899736,15.723222212178564,16.039044552086864,15.767460879081112,15.990780997280472,248.60035460455515,255.69260893418812,10.08777593771733,12.171506144257586,0.006494656281224169,18.027737140336363
7861.445783132531,15.640377901669842,15.487694269280178,239.86867377869407,11.001992211704541,15.48635930508156,15.794396498258124,15.378786675203768,15.596601863356588,236.49521873737748,243.24212882001066,10.213722719231525,12.296676944120284,0.0010176109881191544,17.812311006109788
7891.566265060242,16.139634633750603,16.012624953414022,256.40415789869746,11.219666834446283,15.980395822592566,16.29887344490864,15.90002611021609,16.125223796611955,252.7981518060639,260.010163991331,10.446310318531003,12.52735945884867,0.0031442765478373958,18.457769952656335
7921.686746987953,16.373119596314904,16.503828586341676,272.3763580073487,11.26045399164663,16.208995971906603,16.537243220723205,16.387775658569655,16.6198815141137,268.5457227535636,276.2069932611338,10.588809003558973,12.66950972171357,0.0033367373102389207,18.496151263387777
7951.8072289156635,15.975088262341954,15.700469447188622,246.50474086210338,11.181676789973293,15.818953706223448,16.13122281846046,15.590065643779676,15.81087325059757,243.03795777755218,249.97152394665457,10.422382527512202,12.503758581382481,0.0010186978796664678,18.282778373651933
7981.9277108433735,15.800059643333908,15.910236061606236,253.1356115360355,10.824238421710369,15.641839046581984,15.958280240085832,15.798357204719569,16.022114918492903,249.5755734892964,256.6956495827746,9.981777705323655,12.066347008772333,0.002710389943545139,17.7967297301007
8012.048192771084,15.646174951373265,15.625252612821289,244.1485192144785,10.85700778601078,15.490788394993626,15.801561507752904,15.51537772510002,15.735127500542557,240.71487346157812,247.5821649673789,10.22027556248402,12.304542968441222,0.00010644427873491633,18.000791801191003
8042.168674698795,15.541429905519722,15.886410632445674,252.37804278268294,10.605133914827043,15.383446242626293,15.699413568413151,15.774699313097042,15.998121951794307,248.82865899975363,255.92742656561225,10.010465616734539,12.097103619156282,0.0048906238034941265,17.450895723735883
8072.289156626506,15.766825538250446,15.718152773680446,247.0603266167583,10.928146558555778,15.610515128897628,15.923135947603264,15.607624623257024,15.828680924103868,243.58572990846292,250.53492332505365,10.174422006384908,12.258040533283271,0.01919671379484939,18.135517195074282
8102.409638554217,16.053350006875544,15.634723759066867,244.44458702233,11.316439709430897,15.897869263935435,16.208830749815654,15.524782271389993,15.744665246743741,241.00677744335246,247.88239660130756,10.380869332913983,12.461096061120157,0.004668419546284093,18.40899566029432
8132.530120481928,16.024264179348556,15.85608701194039,251.41549533022476,11.21281773817395,15.866582072089717,16.181946286607396,15.74458892462588,15.9675850992549,247.87964858197716,254.95134207847235,10.60486426153092,12.685972169215837,0.0011221825428628367,18.45698579999837
8162.650602409639,15.847748566139291,16.047611613950583,257.52583851220163,10.718881199112216,15.688161827377476,16.00733530490111,15.934766748784657,16.160456479116508,253.90405737457883,261.14761964982443,10.044269367913866,12.129822379705704,0.015806321257012465,17.862517241624207
8192.77108433735,15.515162467083096,15.270644863966274,233.19259456137954,10.952645537657856,15.363302335416417,15.667022598749774,15.163263535072884,15.378026192859663,229.9130302842761,236.47215883848298,10.126984041178106,12.21038114282509,0.00013850359659766097,17.687943323799917
8222.891566265062,15.047702088594757,15.161950133580621,229.8847318531854,10.409827182075968,14.896922880243034,15.19848129694648,15.055333132893178,15.268567134268064,226.6516885575555,233.1177751488153,9.81735114260239,11.905909983699196,6.908238844156914e-05,17.057356258815616
8253.012048192772,14.751212762662783,14.854679713805455,220.66150939974332,10.085977804784976,14.603489229223285,14.898936296102281,14.750223401569547,14.959136026041362,217.558179275044,223.76483952444264,9.427145460745335,11.51906118077889,0.004494022527245318,16.80569999214149
8283.132530120482,14.89302162814028,14.81723587524336,219.5504789825989,10.309026401934862,14.745670457905138,15.040372798375422,14.71304286355432,14.921428886932402,216.46277412110186,222.63818384409592,9.581154476287677,11.670734505384365,0.002916966444377533,16.95790298130006
8313.253012048193,15.191395383508294,15.194199477612475,230.86369776547923,10.699596675923122,15.04029546901256,15.342495298004026,15.087355703435835,15.301043251789116,227.61688652991754,234.11050900104092,9.841226797286161,11.9269620590192,3.803489888526431e-05,17.13600292969205
8343.373493975903,15.604092805495302,15.93392724043476,253.89003730346892,10.669613743102522,15.445636609947892,15.762549001042713,15.821881790042166,16.045972690827355,250.3193891951142,257.46068541182365,10.184042845614329,12.270062831313808,0.0062566513807664655,17.811307960237563
8373.493975903615,15.398092502429726,15.316754554960879,234.60297009691485,10.678057622825984,15.245773829306028,15.550411175553425,15.209048988293775,15.424460121627982,231.30357063922884,237.90236955460085,10.07070503935964,12.156644671193844,0.000694382031520595,17.492279213483112
8403.614457831325,15.101599182123222,15.012779482977066,225.38354780449714,10.49005034228487,14.95230341306586,15.250894951180584,14.907211432274146,15.118347533679987,222.21380807319574,228.55328753579855,9.630502498539734,11.718263290564767,0.0005086865334650079,17.154902070345294
8433.734939759037,15.096585980844594,15.006091755250571,225.18278976699915,10.372964437146436,14.947356718422816,15.245815243266373,14.900570731840665,15.111612778660477,222.01587344820516,228.34970608579314,9.517575488044569,11.60650536722896,0.011308158475890432,17.11113343207179
8463.855421686747,14.76404242811971,14.966385168104404,223.99268500005547,9.989307323014236,14.615208030983961,14.91287682525546,14.861143356615903,15.071626979592905,220.84250602700362,227.14286397310732,9.396772145068628,11.489734136840966,0.018124360382377972,16.740367049379127
8493.975903614459,14.524252259144554,14.54109487941833,211.44344029224598,10.203930941463812,14.379647194811168,14.668857323477939,14.438843657834276,14.643346101002383,208.46975086306568,214.41712972142628,9.475972300707623,11.566639529570462,0.024053951003313766,16.5679300655608
8524.096385542169,14.559361339128541,14.547125106423245,211.6188488619295,10.001071127980177,14.41469630672733,14.704026371529752,14.444831481011777,14.649418731834713,208.64269252902906,214.59500519482995,9.399466654911333,11.49230019293882,0.010415609001010222,16.671644755663156
8554.21686746988,14.546176729805284,14.698192052996735,216.0368496267764,10.153770472266949,14.400009400244949,14.692344059365618,14.594836143076693,14.801547962916777,212.99855959914237,219.0751396544104,9.385082595038543,11.476277040511091,0.0014928108104248455,16.619527653778892
8584.33734939759,14.934747900546348,14.685415016166825,215.6614141970581,10.35689253273128,14.788707633236008,15.080788167856689,14.582148952825388,14.788681079508262,212.62840420254852,218.69442419156766,9.484051478977536,11.573143993705488,0.001095437887472619,17.110885085877047
8614.457831325302,15.406272754351283,15.095675639863485,227.87942302396783,10.92136355119263,15.256152617926887,15.55639289077568,14.989524673405144,15.201826606321825,224.67458190694157,231.08426414099412,10.141578076986177,12.225258093061763,0.017015418060336143,17.74602153202006
8644.578313253012,15.450303952880839,15.543164454289235,241.5899612530804,10.553423321634792,15.295733728664903,15.604874177096775,15.433866800576622,15.652462108001847,238.19229844083418,244.9876240653266,9.869246107931684,11.956385445707571,0.0023490249775110386,17.50218256787178
8674.698795180724,14.937098014657561,15.083044757955596,227.4982391704918,10.304766686801461,14.787103487034017,15.087092542281106,14.976982610332115,15.189106905579077,224.29875893103207,230.6977194099515,9.613457063605692,11.703080707479472,0.0011559322123889358,16.939137757282356
8704.819277108434,14.719017543173122,14.711478520089281,216.4276002470483,10.219859772827856,14.572718085293385,14.865317001052858,14.608029181338603,14.81492785883996,213.3838147971522,219.4713856969444,9.521671407147366,11.61217234838436,0.0004925325024452732,16.72827200043913
8734.939759036146,14.102575376608362,14.13392646177089,199.76787722674743,9.658403312596288,13.962019430702211,14.243131322514513,14.034538399284562,14.233314524257219,196.95839009402812,202.57736435946674,9.011260933988124,11.107970821364836,0.00039607032361720687,16.189563321323984
8765.060240963856,13.972937944824146,14.173368631128808,200.88437835386608,9.684298107904352,13.831989763155507,14.113886126492785,14.073703216075,14.273034046182616,198.05918901920194,203.70956768853023,8.868883095904286,10.96528999416921,0.00387903658034011,15.771833163023514
8795.180722891566,13.628064338504238,13.720897055712442,188.26301601345833,9.461709195847092,13.491615796086611,13.764512880921865,13.624413366085918,13.817380745338966,185.61533046761662,190.91070155930004,8.74059160193905,10.839659872655943,0.0012839918988793839,15.383805457975802
8825.301204819278,13.901901468004192,13.844425770677223,191.6681249197916,9.61376833861571,13.76422448454257,14.039578451465815,13.747073442058202,13.941778099296243,188.97255074545438,194.36369909412883,8.813574330616547,10.910810505845955,0.0005217163347878526,15.907834949549597
8855.421686746988,14.222120960108727,13.932753390068486,194.1216170284649,10.117430384038194,14.083565595673017,14.360676324544437,13.834779952306222,14.03072682783075,191.3915375342272,196.85169652270258,9.161748532345522,11.253328355773634,0.02128681461473897,16.37980187171454
8885.5421686747,14.162502971175115,14.06979935179743,197.95925379983936,9.758454521270984,14.022584742369371,14.30242119998086,13.970862223397278,14.168736480197582,195.17520270977303,200.7433048899057,8.959039667726312,11.054588215426051,0.0012760535666157394,16.067773731696647
8915.66265060241,14.626465712010537,14.401747561673607,207.4103328301717,10.24717312591045,14.483246398063505,14.76968502595757,14.300476213584776,14.503018909762439,204.49336404936025,210.32730161098317,9.383036787262757,11.47325385324584,0.002712565540880239,16.77250038192581
8945.783132530121,14.58516754902841,14.42075653083521,207.95821892162635,10.250917516306117,14.441759198889034,14.728575899167787,14.319351513972881,14.522161547697538,205.03354480327263,210.88289303998008,9.422926457024632,11.513104729994746,0.0007830136292409738,16.65155314124533
8975.903614457831,14.3055275291858,14.175773972105434,200.95256770822186,10.052354018220846,14.164555427414202,14.4464996309574,14.076091642984617,14.275456301226251,198.12641937496238,203.77871604148135,9.113476876405425,11.205754116904327,0.004095654680635092,16.240714475838683
9006.024096385543,14.270230772755886,14.219499413614612,202.19416357378628,9.974098100681406,14.12882383988423,14.411637705627541,14.119509612474273,14.31948921475495,199.35055373642132,205.03777341115125,9.14154978086027,11.23467831918806,0.00950037008145085,16.175417165308
9036.144578313253,14.327813858897786,14.46192464416229,209.1472644134286,9.68778220560842,14.18399610921006,14.471631608585511,14.360230138103109,14.56361915022147,206.20586784672224,212.08866098013493,9.03120411497644,11.12757037640226,0.0009682584470900088,16.297145045734744
9066.265060240965,14.631174190184003,14.33675201863731,205.54245844390098,10.357289370966402,14.488601229538432,14.773747150829575,14.235937711350982,14.437566325923637,202.65175899691144,208.43315789089053,9.568680814247765,11.657769306910627,0.0033012613868417164,16.941929461307545
9096.385542168675,14.740789532453858,14.489122591605867,209.9346734745835,10.17778556296524,14.596701310633708,14.884877754274008,14.387236832867726,14.591008350344007,206.98220297719212,212.88714397197487,9.323980524015187,11.414921877233137,0.0009473394501196118,16.894970785855186
9126.506024096387,14.921843825445528,14.694002708265876,215.9137155905249,10.517164824753817,14.775718157154124,15.067969493736932,14.590676257311607,14.797329159220144,212.87715729020985,218.95027389083995,9.59908377056017,11.68657771102044,0.0016423849214484974,17.046495992997297
9156.626506024097,15.063300156179338,15.088982404015649,227.67738998869388,10.482975851290604,14.913246581166472,15.213353731192203,14.982878503582768,15.19508630444853,224.4753902154355,230.87938976195224,9.785422356677344,11.873253011015173,0.0007075491562045876,17.149467811079692
9186.746987951808,14.497024185822793,14.27927321212073,203.89764346638867,9.971022455532701,14.3550228276998,14.639025543945786,14.178863088854262,14.379683335387197,201.03007629961945,206.7652106331579,9.232476203600985,11.325638486127655,0.013155075343690495,16.71244330998098
9216.867469879518,14.409097257173277,14.263950025764343,203.46027033750258,10.082782654953835,14.267248281684964,14.550946232661591,14.163647653292193,14.364252398236493,200.59885428068586,206.3216863943193,9.384408514779832,11.476358480176387,0.000154883815222487,16.464258381682473
9246.98795180723,14.193617059486979,13.858469551671119,192.05717831459552,10.175474565850106,14.055800416538162,14.331433702435795,13.761018468881645,13.955920634460593,189.35613258736493,194.7582240418261,9.11033705988375,11.201302714011838,0.0009004180598131889,16.212931769844108
9277.10843373494,13.755532889604254,13.47998034732618,181.70987016430004,9.63618469099878,13.621480162385144,13.889585616823364,13.385190754872996,13.574769939779364,179.1543464775001,184.2653938511,8.803235988178768,10.90020721376771,0.009889750865813462,15.795970465063565
9307.22891566265,13.74126097103461,13.651958030739744,186.37595807307937,9.536452550399844,13.605497998185431,13.877023943883788,13.555959112004045,13.747956949475443,183.75481165392705,188.9971044922317,8.730179723690894,10.828339772683313,0.0025846137089980594,15.649436601583576
9337.349397590362,13.746202479647872,13.518422793651734,182.74775482792276,9.561741406318767,13.611767458490778,13.880637500804966,13.423362878562596,13.613482708740872,180.17763458211556,185.31787507372997,8.790215375428744,10.888071511575827,0.0010767931475073548,15.704174997174723
9367.469879518072,14.0337785872058,13.988151319644507,195.66837734127233,9.652921996190688,13.894672313692286,14.172884860719314,13.88978833033751,14.086514308951504,192.91654458391466,198.42021009863,8.946065145947987,11.042839387869343,0.001397884506974738,15.979300899237451
9397.590361445784,13.981328090615326,13.994647790556419,195.85016678172568,9.714585039671576,13.842157212434698,14.120498968795955,13.89623911885121,14.093056462261629,193.0957773816239,198.60455618182746,8.914374116539753,11.010428785733533,0.003325300982631925,16.030399237146298
9427.710843373494,14.124774930085842,14.48266485794447,209.74758138753975,9.57113450740027,13.980750927707165,14.268798932464518,14.38082450920888,14.584505206680062,206.79774210803228,212.69742066704723,8.909137519018154,11.006881201773092,0.0009281308589406136,15.999874932815242
9457.831325301206,13.915906112656113,13.91775763735061,193.7039776520312,9.6861266725465,13.777499874665454,14.054312350646773,13.819889647908894,14.015625626792325,190.97977173702205,196.42818356704035,8.707836774345491,10.804222341285147,0.005047366075387636,15.708830479691812
9487.951807228916,13.895153728620064,13.925561549968727,193.9212644819674,9.61007874486787,13.756669884005174,14.033637573234955,13.827638684356753,14.0234844155807,191.19400269750972,196.64852626642508,8.84845523608315,10.945735144816933,0.0015906032907815203,15.920217803150232
9518.072289156627,14.037285646640548,14.292998165796929,204.28979656747438,9.692084761171024,13.895147799633754,14.179423493647342,14.19249153031517,14.393504801278688,201.41671425429197,207.1628788806568,9.086463612741069,11.182779733557084,0.011388200333091764,16.049525559996024
9548.192771084337,14.197704391369882,14.106203799613665,198.984985636235,9.875709569595394,14.057424135662991,14.337984647076775,14.007010679536739,14.20539691969059,196.18650890158565,201.78346237088434,9.159559165404831,11.253778094360403,0.0003358521720212298,16.339714103153668
9578.31325301205,14.510510518132453,14.737951439437957,217.20721263123136,9.855356290897618,14.363947798219337,14.65707323804557,14.634315946318248,14.841586932557666,214.1524629012304,220.26196236123232,9.304724636098074,11.399171981326896,0.001447009687047016,16.428472235843895
9608.43373493976,14.558169673234103,14.24580735649313,202.94302723831376,10.252370594789346,14.416501118950581,14.699838227517624,14.145632561078358,14.3459821519079,200.08888556340386,205.79716891322366,9.33299647513758,11.423159701768874,0.0005565455849703597,16.519296220814024
9638.554216867471,14.650562726676595,14.677669001369926,215.43396731377564,10.374289842616895,14.504599490221038,14.796525963132153,14.574457407068266,14.780880595671587,212.40415607724876,218.46377855030252,9.420015097874412,11.508931588497088,0.0011906429709818255,16.623307254862507
9668.674698795181,14.554200873772256,14.669500988581117,215.19425925398235,10.141907036275642,14.408318864763778,14.700082882780734,14.566346830758105,14.772655146404128,212.16781921366052,218.22069929430418,9.295442330072815,11.386762266332635,0.003346719120885055,16.283806714050574
9698.795180722893,14.510266905628239,14.495642594533209,210.12365422844547,10.148698031644388,14.366113845124993,14.654419966131485,14.393710987922569,14.597574201143848,207.16852595141668,213.07878250547427,9.31028688220503,11.401534946065372,0.002578429183316285,16.660100022704743
9728.915662650603,14.681413352521087,14.494652711694131,210.09495723262202,10.157540159244656,14.537270135985768,14.825556569056406,14.392728065819966,14.596577357568297,207.14023254320517,213.04968192203887,9.478317035969674,11.569471670191419,0.0003452243714702236,16.803633719373604
9759.036144578315,14.3165473490151,14.384077007415405,206.9016713552565,9.867056063474237,14.173503761287895,14.459590936742304,14.282929916528246,14.485224098302563,203.99185626646263,209.81148644405036,9.01011238164757,11.104428304460287,0.0009680566273099595,16.18467058156744
9789.156626506025,13.814652579820622,13.91215140256011,193.5479566477552,9.44707357124253,13.676302093473787,13.953003066167458,13.814322835483805,14.009979969636413,190.8259449744331,196.2699683210773,8.798083007726255,10.897330887512783,0.00032149118388420656,15.9129644241369
9819.277108433735,13.661400056499923,13.437698759574864,180.57174795307986,9.49201746919632,13.527767801863352,13.795032311136495,13.343206486136097,13.532191033013632,178.0322305419248,183.11126536423492,8.694894172201352,10.793592349117665,0.00044849391409249457,15.689108339617414
9849.397590361446,13.5438269729166,13.695956078576495,187.57921290629645,9.205331049440042,13.40762645801225,13.680027487820949,13.59964777088653,13.79226438626646,184.94114420204886,190.21728161054403,8.499888490516915,10.602190009904168,0.003071958438391941,15.29198483415074
9879.518072289156,13.496820431295173,13.57749133159961,184.34827085966256,9.381146010514883,13.36179799840596,13.631842864184387,13.482016053691343,13.672966609507878,181.7556413432994,186.94090037602572,8.658852704035242,10.7589169558737,0.0048820983497757636,15.380065321463919
9909.638554216868,13.608322326601675,13.572976098648684,184.22568017448847,9.55551813324542,13.473344795802488,13.743299857400862,13.477532571312762,13.668419625984606,181.6347747438861,186.81658560509084,8.720453250417057,10.818384018968915,0.0007993989848685838,15.458984900716793
9939.759036144578,13.805634432856815,13.654853304252994,186.45501876066888,9.641655415190286,13.669842667731944,13.941426197981686,13.558834026303906,13.750872582202081,183.8327604511187,189.07727707021905,8.844980704239502,10.941887465107799,0.02413784493623921,15.822177291830133
9969.87951807229,13.806175272921717,13.849807647495558,191.81717187262643,9.575680715662502,13.66844476896181,13.943905776881623,13.752417474169267,13.947197820821849,189.11950153797568,194.51484220727718,8.974195768822526,11.071885107993364,0.00022825406232420312,15.840752761695317
10000.0,13.866882500604552,14.006444670887156,196.18049231862318,9.450065767785173,13.727594307417503,14.006170693791601,13.907953044945371,14.10493629682894,193.42145730002454,198.93952733722182,8.82573554981453,10.924946661669114,0.005346529442837978,15.683362253654046
